Workbook
Name _1J_INV_INC_REIN_AC____?0?˜?“0000____?0?˜?“0000?_?”?_?“?“__?“?0?”00000: #REF!
Name AFFCOMM_ALIEN_DIFF: #REF!
Name AFFCOMM_ALIEN_STMT_TOT_COMM: #REF!
Name AFFCOMM_ALIEN_TOT_REP: #REF!
Name AFFCOMM_ASCII_DATA: #REF!
Name AFFCOMM_ASCII_FORMAT: #REF!
Name AFFCOMM_INV_SUB_DIFF: #REF!
Name AFFCOMM_INV_SUB_STMT_TOT_COMM: #REF!
Name AFFCOMM_INV_SUB_TOT_REP: #REF!
Name AFFCOMM_LIFE_DIFF: #REF!
Name AFFCOMM_LIFE_STMT_TOT_COMM: #REF!
Name AFFCOMM_LIFE_TOT_REP: #REF!
Name AFFCOMM_NON_INS_DIFF: #REF!
Name AFFCOMM_NON_INS_STMT_TOT_COMM: #REF!
Name AFFCOMM_NON_INS_TOT_REP: #REF!
Name AFFCOMM_OTH_AFFIL_DIFF: #REF!
Name AFFCOMM_OTH_AFFIL_STMT_TOT_COMM: #REF!
Name AFFCOMM_OTH_AFFIL_TOT_REP: #REF!
Name AFFCOMM_PARENT_DIFF: #REF!
Name AFFCOMM_PARENT_STMT_TOT: #REF!
Name AFFCOMM_PARENT_TOT_REP: #REF!
Name AFFCOMM_PC_DIFF: #REF!
Name AFFCOMM_PC_STMT_TOT_COMM: #REF!
Name AFFCOMM_PC_TOT_REP: #REF!
Name AFFCOMM_SUBTOT_DIFF: #REF!
Name AFFCOMM_SUBTOT_STMT_TOT_COMM: #REF!
Name AFFCOMM_SUBTOT_TOT_REP: #REF!
Name AFFPREF_AFFIL_BOND_DIFF: #REF!
Name AFFPREF_AFFIL_BOND_STMT_TOT_PREF: #REF!
Name AFFPREF_AFFIL_BOND_TOT_REP: #REF!
Name AFFPREF_ALIEN_INS_DIFF: #REF!
Name AFFPREF_ALIEN_INS_STMT_TOT_PREF: #REF!
Name AFFPREF_ALIEN_INS_TOT_REP: #REF!
Name AFFPREF_ASCII_DATA: #REF!
Name AFFPREF_ASCII_FORMAT: #REF!
Name AFFPREF_INV_SUB_DIFF: #REF!
Name AFFPREF_INV_SUB_STMT_TOT_PREF: #REF!
Name AFFPREF_INV_SUB_TOT_REP: #REF!
Name AFFPREF_LIFE_DIFF: #REF!
Name AFFPREF_LIFE_STMT_TOT_PREF: #REF!
Name AFFPREF_LIFE_TOT_REP: #REF!
Name AFFPREF_NON_INS_DIFF: #REF!
Name AFFPREF_NON_INS_STMT_TOT_PREF: #REF!
Name AFFPREF_NON_INS_TOT_REP: #REF!
Name AFFPREF_OTH_AFFIL_DIFF: #REF!
Name AFFPREF_OTH_AFFIL_STMT_TOT_PREF: #REF!
Name AFFPREF_OTH_AFFIL_TOT_REP: #REF!
Name AFFPREF_PARENT_DIFF: #REF!
Name AFFPREF_PARENT_STMT_TOT_PREF: #REF!
Name AFFPREF_PARENT_TOT_REP: #REF!
Name AFFPREF_PC_DIFF: #REF!
Name AFFPREF_PC_STMT_TOT_PREF: #REF!
Name AFFPREF_PC_TOT_REP: #REF!
Name AFFPREF_SUBTOT_DIFF: #REF!
Name AFFPREF_SUBTOT_STMT_TOT_PREF: #REF!
Name AFFPREF_SUBTOT_TOT_REP: #REF!
Name AFFSUM_ASCII_DATA: #REF!
Name AFFSUM_ASCII_FORMAT: #REF!
Name AFFSUM_DIR_LIFE_REQ: #REF!
Name AFFSUM_DIR_LIFE_REQ_AFFIL_PREF: #REF!

Sheet Bilanço
B3: =E3 -> TOPLAM (HAYAT DIŞI ŞİRKETLER+HAYAT VE EMEKLİLİK ŞİRKETLERİ+REASÜRANS ŞİRKETLERİ) | E3: TOPLAM (HAYAT DIŞI ŞİRKETLER+HAYAT VE EMEKLİLİK ŞİRKETLERİ+REASÜRANS ŞİRKETLERİ) | H3: Lütfen Seçimlerinizi Yapınız | BC3: Chubb European Group SE Merkezi Fransa Türkiye İstanbul Şubesi | BD3: 1001
B4: Aktif - Haziran 2026 | E4: Pasif - Haziran 2026 | BC4: Aksigorta AŞ | BD4: 1003
BC5: Allianz Sigorta AŞ | BD5: 1004
B6: I. CARİ VARLIKLAR | C6: =+C7+C14+C23+C34+C44+C52+C57 -> 2.2452939e+12 | E6: III- KISA VADELİ YÜKÜMLÜLÜKLER | F6: =+F7+F16+F23+F30+F35+F42+F50+F54+F58 -> 1.6544712e+12 | BC6: Anadolu Anonim Türk Sigorta Şirketi | BD6: 1005
B7: A. Nakit ve Nakit Benzeri Varlıklar | C7: =SUM(C8:C13) -> 5.850349e+11 | E7: A- Finansal Borçlar | F7: =SUM(F8:F15) -> 2.3480174e+10 | BC7: Ankara Anonim Türk Sigorta Şirketi | BD7: 1006
A8: 100 | B8: 1- Kasa | C8: =INDIRECT("'Aktif Detay'!"&ADDRESS(IFERROR(MATCH(VLOOKUP($E$3,$BC$3:$BE$140,2,0),'Aktif Detay'!$B:$B,0),MATCH(9003,'Aktif Detay'!$B:$B,0)+1),MATCH(A8,'Aktif Detay'!$5:$5,0))) -> 5585763.2 | D8: 300 | E8: 1- Kredi Kuruluşlarına Borçlar | F8: =INDIRECT("'Pasif Detay'!"&ADDRESS(IFERROR(MATCH(VLOOKUP($E$3,$BC$3:$BE$140,2,0),'Pasif Detay'!$B:$B,0),MATCH(9003,'Pasif Detay'!$B:$B,0)+1),MATCH(D8,'Pasif Detay'!$5:$5,0))) -> 4760868.2 | BC8: Atradius Crédito y Caución S.A. de Seguros y Reaseguros, İstanbul Şubesi | BD8: 1007
A9: 101 | B9: 2- Alınan Çekler | C9: =INDIRECT("'Aktif Detay'!"&ADDRESS(IFERROR(MATCH(VLOOKUP($E$3,$BC$3:$BE$140,2,0),'Aktif Detay'!$B:$B,0),MATCH(9003,'Aktif Detay'!$B:$B,0)+1),MATCH(A9,'Aktif Detay'!$5:$5,0))) -> 35070126 | D9: 301 | E9: 2- Finansal Kiralama İşlemlerinden Borçlar | F9: =INDIRECT("'Pasif Detay'!"&ADDRESS(IFERROR(MATCH(VLOOKUP($E$3,$BC$3:$BE$140,2,0),'Pasif Detay'!$B:$B,0),MATCH(9003,'Pasif Detay'!$B:$B,0)+1),MATCH(D9,'Pasif Detay'!$5:$5,0))) -> 2.1830306e+09 | BC9: Unico Sigorta AŞ | BD9: 1008
A10: 102 | B10: 3- Bankalar; | C10: =INDIRECT("'Aktif Detay'!"&ADDRESS(IFERROR(MATCH(VLOOKUP($E$3,$BC$3:$BE$140,2,0),'Aktif Detay'!$B:$B,0),MATCH(9003,'Aktif Detay'!$B:$B,0)+1),MATCH(A10,'Aktif Detay'!$5:$5,0))) -> 4.67103e+11 | D10: 302 | E10: 3- Ertelenmiş Finansal Kiralama Borçlanma Maliyetleri | F10: =INDIRECT("'Pasif Detay'!"&ADDRESS(IFERROR(MATCH(VLOOKUP($E$3,$BC$3:$BE$140,2,0),'Pasif Detay'!$B:$B,0),MATCH(9003,'Pasif Detay'!$B:$B,0)+1),MATCH(D10,'Pasif Detay'!$5:$5,0))) -> -5.3136759e+08 | BC10: Axa Sigorta AŞ | BD10: 1009
A11: 103 | B11: 4- Verilen Çekler Ve Ödeme Emirleri (-) | C11: =INDIRECT("'Aktif Detay'!"&ADDRESS(IFERROR(MATCH(VLOOKUP($E$3,$BC$3:$BE$140,2,0),'Aktif Detay'!$B:$B,0),MATCH(9003,'Aktif Detay'!$B:$B,0)+1),MATCH(A11,'Aktif Detay'!$5:$5,0))) -> -6310.97 | D11: 303 | E11: 4- Uzun Vadeli Kredilerin Ana Para Taksitleri Ve Faizleri | F11: =INDIRECT("'Pasif Detay'!"&ADDRESS(IFERROR(MATCH(VLOOKUP($E$3,$BC$3:$BE$140,2,0),'Pasif Detay'!$B:$B,0),MATCH(9003,'Pasif Detay'!$B:$B,0)+1),MATCH(D11,'Pasif Detay'!$5:$5,0))) -> 0 | BC11: BNP Paribas Cardif Sigorta AŞ | BD11: 1010
A12: 106 | B12: 5- Banka Garantili ve 3 Aydan Kısa Vadeli | C12: =INDIRECT("'Aktif Detay'!"&ADDRESS(IFERROR(MATCH(VLOOKUP($E$3,$BC$3:$BE$140,2,0),'Aktif Detay'!$B:$B,0),MATCH(9003,'Aktif Detay'!$B:$B,0)+1),MATCH(A12,'Aktif Detay'!$5:$5,0))) -> 1.148111e+11 | D12: 304 | E12: 5- Çıkarılmış Tahviller(Bonolar) Anapara, Taksit ve Faizleri | F12: =INDIRECT("'Pasif Detay'!"&ADDRESS(IFERROR(MATCH(VLOOKUP($E$3,$BC$3:$BE$140,2,0),'Pasif Detay'!$B:$B,0),MATCH(9003,'Pasif Detay'!$B:$B,0)+1),MATCH(D12,'Pasif Detay'!$5:$5,0))) -> 0 | BC12: Coface Sigorta AŞ | BD12: 1011
A13: 109 | B13: 6- Diğer Nakit Ve Nakit Benzeri Varlıklar | C13: =INDIRECT("'Aktif Detay'!"&ADDRESS(IFERROR(MATCH(VLOOKUP($E$3,$BC$3:$BE$140,2,0),'Aktif Detay'!$B:$B,0),MATCH(9003,'Aktif Detay'!$B:$B,0)+1),MATCH(A13,'Aktif Detay'!$5:$5,0))) -> 3.0801448e+09 | D13: 307 | E13: 6- Çıkarılmış Diğer Finansal Varlıklar | F13: =INDIRECT("'Pasif Detay'!"&ADDRESS(IFERROR(MATCH(VLOOKUP($E$3,$BC$3:$BE$140,2,0),'Pasif Detay'!$B:$B,0),MATCH(9003,'Pasif Detay'!$B:$B,0)+1),MATCH(D13,'Pasif Detay'!$5:$5,0))) -> 0 | BC13: Corpus Sigorta AŞ | BD13: 1012
B14: B. Finansal Varlıklar ile Riski Sigortalılara Ait Fin. Yat. | C14: =SUM(C15:C22) -> 8.0241602e+11 | D14: 308 | E14: 7- Çıkarılmış Diğer Finansal Varlıklar İhraç Farkı | F14: =INDIRECT("'Pasif Detay'!"&ADDRESS(IFERROR(MATCH(VLOOKUP($E$3,$BC$3:$BE$140,2,0),'Pasif Detay'!$B:$B,0),MATCH(9003,'Pasif Detay'!$B:$B,0)+1),MATCH(D14,'Pasif Detay'!$5:$5,0))) -> 0 | BC14: VHV Allgemeine Sigorta AŞ | BD14: 1013
A15: 110 | B15: 1- Satılmaya Hazır Finansal Varlıklar | C15: =INDIRECT("'Aktif Detay'!"&ADDRESS(IFERROR(MATCH(VLOOKUP($E$3,$BC$3:$BE$140,2,0),'Aktif Detay'!$B:$B,0),MATCH(9003,'Aktif Detay'!$B:$B,0)+1),MATCH(A15,'Aktif Detay'!$5:$5,0))) -> 3.3222796e+11 | D15: 309 | E15: 8- Diğer Finansal Borçlar (Yükümlülükler) | F15: =INDIRECT("'Pasif Detay'!"&ADDRESS(IFERROR(MATCH(VLOOKUP($E$3,$BC$3:$BE$140,2,0),'Pasif Detay'!$B:$B,0),MATCH(9003,'Pasif Detay'!$B:$B,0)+1),MATCH(D15,'Pasif Detay'!$5:$5,0))) -> 2.182375e+10 | BC15: Euler Hermes Sigorta AŞ | BD15: 1016
A16: 111 | B16: 2- Vadeye Kadar Elde Tutulacak Finansal Varlıklar | C16: =INDIRECT("'Aktif Detay'!"&ADDRESS(IFERROR(MATCH(VLOOKUP($E$3,$BC$3:$BE$140,2,0),'Aktif Detay'!$B:$B,0),MATCH(9003,'Aktif Detay'!$B:$B,0)+1),MATCH(A16,'Aktif Detay'!$5:$5,0))) -> 6.9567248e+10 | E16: B- Esas Faaliyetlerden Borçlar | F16: =SUM(F17:F22) -> 5.3693255e+11 | BC16: Eureko Sigorta AŞ | BD16: 1017
A17: 112 | B17: 3- Alım Satım Amaçlı Finansal Varlıklar | C17: =INDIRECT("'Aktif Detay'!"&ADDRESS(IFERROR(MATCH(VLOOKUP($E$3,$BC$3:$BE$140,2,0),'Aktif Detay'!$B:$B,0),MATCH(9003,'Aktif Detay'!$B:$B,0)+1),MATCH(A17,'Aktif Detay'!$5:$5,0))) -> 2.7089864e+11 | D17: 320 | E17: 1- Sigortacılık Faaliyetlerinden Borçlar | F17: =INDIRECT("'Pasif Detay'!"&ADDRESS(IFERROR(MATCH(VLOOKUP($E$3,$BC$3:$BE$140,2,0),'Pasif Detay'!$B:$B,0),MATCH(9003,'Pasif Detay'!$B:$B,0)+1),MATCH(D17,'Pasif Detay'!$5:$5,0))) -> 9.3435552e+10 | BC17: Referans Sigorta AŞ | BD17: 1018
A18: 115 | B18: 4- Krediler | C18: =INDIRECT("'Aktif Detay'!"&ADDRESS(IFERROR(MATCH(VLOOKUP($E$3,$BC$3:$BE$140,2,0),'Aktif Detay'!$B:$B,0),MATCH(9003,'Aktif Detay'!$B:$B,0)+1),MATCH(A18,'Aktif Detay'!$5:$5,0))) -> 1.5446905e+09 | D18: 322 | E18: 2- Reasürans Faaliyetlerinden Borçlar | F18: =INDIRECT("'Pasif Detay'!"&ADDRESS(IFERROR(MATCH(VLOOKUP($E$3,$BC$3:$BE$140,2,0),'Pasif Detay'!$B:$B,0),MATCH(9003,'Pasif Detay'!$B:$B,0)+1),MATCH(D18,'Pasif Detay'!$5:$5,0))) -> 3.833029e+09 | BC18: Türkiye Sigorta AŞ | BD18: 1020
A19: 116 | B19: 5- Krediler Karşılığı (-) | C19: =INDIRECT("'Aktif Detay'!"&ADDRESS(IFERROR(MATCH(VLOOKUP($E$3,$BC$3:$BE$140,2,0),'Aktif Detay'!$B:$B,0),MATCH(9003,'Aktif Detay'!$B:$B,0)+1),MATCH(A19,'Aktif Detay'!$5:$5,0))) -> 0 | D19: 324 | E19: 3- Sigorta Ve Reasürans Şirketlerinden Alınan Depolar | F19: =INDIRECT("'Pasif Detay'!"&ADDRESS(IFERROR(MATCH(VLOOKUP($E$3,$BC$3:$BE$140,2,0),'Pasif Detay'!$B:$B,0),MATCH(9003,'Pasif Detay'!$B:$B,0)+1),MATCH(D19,'Pasif Detay'!$5:$5,0))) -> 4.0862668e+08 | BC19: HDI Sigorta AŞ | BD19: 1022
A20: 117 | B20: 6- Riski Hayat Poliçesi Sahiplerine Ait Finansal Yatırımlar | C20: =INDIRECT("'Aktif Detay'!"&ADDRESS(IFERROR(MATCH(VLOOKUP($E$3,$BC$3:$BE$140,2,0),'Aktif Detay'!$B:$B,0),MATCH(9003,'Aktif Detay'!$B:$B,0)+1),MATCH(A20,'Aktif Detay'!$5:$5,0))) -> 1.2818281e+11 | D20: 327 | E20: 4- Emeklilik Faaliyetlerinden Borçlar | F20: =INDIRECT("'Pasif Detay'!"&ADDRESS(IFERROR(MATCH(VLOOKUP($E$3,$BC$3:$BE$140,2,0),'Pasif Detay'!$B:$B,0),MATCH(9003,'Pasif Detay'!$B:$B,0)+1),MATCH(D20,'Pasif Detay'!$5:$5,0))) -> 4.2535334e+11 | BC20: Bereket Sigorta AŞ | BD20: 1025
A21: 118 | B21: 7- Şirket Hissesi | C21: =INDIRECT("'Aktif Detay'!"&ADDRESS(IFERROR(MATCH(VLOOKUP($E$3,$BC$3:$BE$140,2,0),'Aktif Detay'!$B:$B,0),MATCH(9003,'Aktif Detay'!$B:$B,0)+1),MATCH(A21,'Aktif Detay'!$5:$5,0))) -> 0 | D21: 328 | E21: 5- Diğer Esas Faaliyetlerden Borçlar | F21: =INDIRECT("'Pasif Detay'!"&ADDRESS(IFERROR(MATCH(VLOOKUP($E$3,$BC$3:$BE$140,2,0),'Pasif Detay'!$B:$B,0),MATCH(9003,'Pasif Detay'!$B:$B,0)+1),MATCH(D21,'Pasif Detay'!$5:$5,0))) -> 1.4481576e+10 | BC21: Magdeburger Sigorta AŞ | BD21: 1027
A22: 119 | B22: 8- Finansal Varlıklar Değer Düşüklüğü Karşılığı (-) | C22: =INDIRECT("'Aktif Detay'!"&ADDRESS(IFERROR(MATCH(VLOOKUP($E$3,$BC$3:$BE$140,2,0),'Aktif Detay'!$B:$B,0),MATCH(9003,'Aktif Detay'!$B:$B,0)+1),MATCH(A22,'Aktif Detay'!$5:$5,0))) -> -5327818 | D22: 329 | E22: 6- Diğer Esas Faaliyetlerden Borçlar Borç Senetleri Reeskontu | F22: =INDIRECT("'Pasif Detay'!"&ADDRESS(IFERROR(MATCH(VLOOKUP($E$3,$BC$3:$BE$140,2,0),'Pasif Detay'!$B:$B,0),MATCH(9003,'Pasif Detay'!$B:$B,0)+1),MATCH(D22,'Pasif Detay'!$5:$5,0))) -> -5.7957799e+08 | BC22: Mapfre Sigorta AŞ | BD22: 1028
B23: C. Esas Faaliyetlerden Alacaklar | C23: =SUM(C24:C33) -> 6.9324991e+11 | E23: C-İlişkili Taraflara Borçlar | F23: =SUM(F24:F29) -> 9.7500907e+09 | BC23: Neova Katılım Sigorta AŞ | BD23: 1030
A24: 120 | B24: 1- Sigortacılık Faaliyetlerinden Alacaklar | C24: =INDIRECT("'Aktif Detay'!"&ADDRESS(IFERROR(MATCH(VLOOKUP($E$3,$BC$3:$BE$140,2,0),'Aktif Detay'!$B:$B,0),MATCH(9003,'Aktif Detay'!$B:$B,0)+1),MATCH(A24,'Aktif Detay'!$5:$5,0))) -> 2.6208064e+11 | D24: 331 | E24: 1- Ortaklara Borçlar | F24: =INDIRECT("'Pasif Detay'!"&ADDRESS(IFERROR(MATCH(VLOOKUP($E$3,$BC$3:$BE$140,2,0),'Pasif Detay'!$B:$B,0),MATCH(9003,'Pasif Detay'!$B:$B,0)+1),MATCH(D24,'Pasif Detay'!$5:$5,0))) -> 8.3644544e+09 | BC24: Orient Sigorta AŞ | BD24: 1031
A25: 121 | B25: 2- Sigortacılık Faaliyetlerinden Alacaklar Karşılığı (-) | C25: =INDIRECT("'Aktif Detay'!"&ADDRESS(IFERROR(MATCH(VLOOKUP($E$3,$BC$3:$BE$140,2,0),'Aktif Detay'!$B:$B,0),MATCH(9003,'Aktif Detay'!$B:$B,0)+1),MATCH(A25,'Aktif Detay'!$5:$5,0))) -> -3.9173953e+09 | D25: 332 | E25: 2- İştiraklere Borçlar | F25: =INDIRECT("'Pasif Detay'!"&ADDRESS(IFERROR(MATCH(VLOOKUP($E$3,$BC$3:$BE$140,2,0),'Pasif Detay'!$B:$B,0),MATCH(9003,'Pasif Detay'!$B:$B,0)+1),MATCH(D25,'Pasif Detay'!$5:$5,0))) -> 0 | BC25: Ray Sigorta AŞ | BD25: 1032
A26: 122 | B26: 3- Reasürans Faaliyetlerinden Alacaklar | C26: =INDIRECT("'Aktif Detay'!"&ADDRESS(IFERROR(MATCH(VLOOKUP($E$3,$BC$3:$BE$140,2,0),'Aktif Detay'!$B:$B,0),MATCH(9003,'Aktif Detay'!$B:$B,0)+1),MATCH(A26,'Aktif Detay'!$5:$5,0))) -> 1.497758e+10 | D26: 333 | E26: 3- Bağlı Ortaklıklara Borçlar | F26: =INDIRECT("'Pasif Detay'!"&ADDRESS(IFERROR(MATCH(VLOOKUP($E$3,$BC$3:$BE$140,2,0),'Pasif Detay'!$B:$B,0),MATCH(9003,'Pasif Detay'!$B:$B,0)+1),MATCH(D26,'Pasif Detay'!$5:$5,0))) -> 4855517 | BC26: Şeker Sigorta AŞ | BD26: 1034
A27: 123 | B27: 4- Reasürans Faaliyetlerinden Alacaklar Karşılığı (-) | C27: =INDIRECT("'Aktif Detay'!"&ADDRESS(IFERROR(MATCH(VLOOKUP($E$3,$BC$3:$BE$140,2,0),'Aktif Detay'!$B:$B,0),MATCH(9003,'Aktif Detay'!$B:$B,0)+1),MATCH(A27,'Aktif Detay'!$5:$5,0))) -> -92718171 | D27: 334 | E27: 4- Müşterek Yönetime Tabi Teşebbüslere Borçlar | F27: =INDIRECT("'Pasif Detay'!"&ADDRESS(IFERROR(MATCH(VLOOKUP($E$3,$BC$3:$BE$140,2,0),'Pasif Detay'!$B:$B,0),MATCH(9003,'Pasif Detay'!$B:$B,0)+1),MATCH(D27,'Pasif Detay'!$5:$5,0))) -> 37681424 | BC27: Sompo Sigorta AŞ | BD27: 1035
A28: 124 | B28: 5- Sigorta Ve Reasürans Şirketleri Nezdindeki Depolar | C28: =INDIRECT("'Aktif Detay'!"&ADDRESS(IFERROR(MATCH(VLOOKUP($E$3,$BC$3:$BE$140,2,0),'Aktif Detay'!$B:$B,0),MATCH(9003,'Aktif Detay'!$B:$B,0)+1),MATCH(A28,'Aktif Detay'!$5:$5,0))) -> 5.9348539e+09 | D28: 335 | E28: 5- Personele Borçlar | F28: =INDIRECT("'Pasif Detay'!"&ADDRESS(IFERROR(MATCH(VLOOKUP($E$3,$BC$3:$BE$140,2,0),'Pasif Detay'!$B:$B,0),MATCH(9003,'Pasif Detay'!$B:$B,0)+1),MATCH(D28,'Pasif Detay'!$5:$5,0))) -> 2.3037036e+08 | BC28: Doga Sigorta AŞ | BD28: 1036
A29: 125 | B29: 6- Sigortalılara Krediler (İkrazlar) | C29: =INDIRECT("'Aktif Detay'!"&ADDRESS(IFERROR(MATCH(VLOOKUP($E$3,$BC$3:$BE$140,2,0),'Aktif Detay'!$B:$B,0),MATCH(9003,'Aktif Detay'!$B:$B,0)+1),MATCH(A29,'Aktif Detay'!$5:$5,0))) -> 4.6638748e+09 | D29: 338 | E29: 6- Diğer İlişkili Taraflara Borçlar | F29: =INDIRECT("'Pasif Detay'!"&ADDRESS(IFERROR(MATCH(VLOOKUP($E$3,$BC$3:$BE$140,2,0),'Pasif Detay'!$B:$B,0),MATCH(9003,'Pasif Detay'!$B:$B,0)+1),MATCH(D29,'Pasif Detay'!$5:$5,0))) -> 1.112729e+09 | BC29: Koru Sigorta AŞ | BD29: 1037
A30: 126 | B30: 7- Sigortalılara Krediler (İkrazlar) Karşılığı (-) | C30: =INDIRECT("'Aktif Detay'!"&ADDRESS(IFERROR(MATCH(VLOOKUP($E$3,$BC$3:$BE$140,2,0),'Aktif Detay'!$B:$B,0),MATCH(9003,'Aktif Detay'!$B:$B,0)+1),MATCH(A30,'Aktif Detay'!$5:$5,0))) -> 0 | E30: D- Diğer Borçlar | F30: =SUM(F31:F34) -> 2.6558512e+10 | BC30: GIG Sigorta AŞ | BD30: 1038
A31: 127 | B31: 8- Emeklilik Faaliyetlerinden Alacaklar | C31: =INDIRECT("'Aktif Detay'!"&ADDRESS(IFERROR(MATCH(VLOOKUP($E$3,$BC$3:$BE$140,2,0),'Aktif Detay'!$B:$B,0),MATCH(9003,'Aktif Detay'!$B:$B,0)+1),MATCH(A31,'Aktif Detay'!$5:$5,0))) -> 4.0940422e+11 | D31: 345 | E31: 1- Alınan Depozito ve Teminatlar | F31: =INDIRECT("'Pasif Detay'!"&ADDRESS(IFERROR(MATCH(VLOOKUP($E$3,$BC$3:$BE$140,2,0),'Pasif Detay'!$B:$B,0),MATCH(9003,'Pasif Detay'!$B:$B,0)+1),MATCH(D31,'Pasif Detay'!$5:$5,0))) -> 1.9020793e+09 | BC31: Türk Nippon Sigorta AŞ | BD31: 1039
A32: 128 | B32: 9- Esas Faaliyetlerden Kaynaklanan Şüpheli Alacaklar | C32: =INDIRECT("'Aktif Detay'!"&ADDRESS(IFERROR(MATCH(VLOOKUP($E$3,$BC$3:$BE$140,2,0),'Aktif Detay'!$B:$B,0),MATCH(9003,'Aktif Detay'!$B:$B,0)+1),MATCH(A32,'Aktif Detay'!$5:$5,0))) -> 2.8340856e+10 | D32: 346 | E32: 2- SGK'ya Borçlar | F32: =INDIRECT("'Pasif Detay'!"&ADDRESS(IFERROR(MATCH(VLOOKUP($E$3,$BC$3:$BE$140,2,0),'Pasif Detay'!$B:$B,0),MATCH(9003,'Pasif Detay'!$B:$B,0)+1),MATCH(D32,'Pasif Detay'!$5:$5,0))) -> 7.614363e+09 | BC32: Türk P&I Sigorta AŞ | BD32: 1040
A33: 129 | B33: 10- Esas Faaliyetlerden Kaynaklanan Şüpheli Alacaklar Karş.(-) | C33: =INDIRECT("'Aktif Detay'!"&ADDRESS(IFERROR(MATCH(VLOOKUP($E$3,$BC$3:$BE$140,2,0),'Aktif Detay'!$B:$B,0),MATCH(9003,'Aktif Detay'!$B:$B,0)+1),MATCH(A33,'Aktif Detay'!$5:$5,0))) -> -2.8142e+10 | D33: 347 | E33: 3- Diğer Çeşitli Borçlar | F33: =INDIRECT("'Pasif Detay'!"&ADDRESS(IFERROR(MATCH(VLOOKUP($E$3,$BC$3:$BE$140,2,0),'Pasif Detay'!$B:$B,0),MATCH(9003,'Pasif Detay'!$B:$B,0)+1),MATCH(D33,'Pasif Detay'!$5:$5,0))) -> 1.7239982e+10 | BC33: Zurich Sigorta AŞ | BD33: 1043
B34: D. İlişkili Taraflardan Alacaklar | C34: =SUM(C35:C43) -> 6.6700859e+08 | D34: 349 | E34: 4- Diğer Çeşitli Borçlar Reeskontu | F34: =INDIRECT("'Pasif Detay'!"&ADDRESS(IFERROR(MATCH(VLOOKUP($E$3,$BC$3:$BE$140,2,0),'Pasif Detay'!$B:$B,0),MATCH(9003,'Pasif Detay'!$B:$B,0)+1),MATCH(D34,'Pasif Detay'!$5:$5,0))) -> -1.9791193e+08 | BC34: Ethica Sigorta AŞ | BD34: 1044
A35: 131 | B35: 1- Ortaklardan Alacaklar | C35: =INDIRECT("'Aktif Detay'!"&ADDRESS(IFERROR(MATCH(VLOOKUP($E$3,$BC$3:$BE$140,2,0),'Aktif Detay'!$B:$B,0),MATCH(9003,'Aktif Detay'!$B:$B,0)+1),MATCH(A35,'Aktif Detay'!$5:$5,0))) -> 47598423 | E35: E-Sigortacılık Teknik Karşılıkları | F35: =SUM(F36:F41) -> 9.8485778e+11 | BC35: Quick Sigorta AŞ | BD35: 1045
A36: 132 | B36: 2- İştiraklerden Alacaklar | C36: =INDIRECT("'Aktif Detay'!"&ADDRESS(IFERROR(MATCH(VLOOKUP($E$3,$BC$3:$BE$140,2,0),'Aktif Detay'!$B:$B,0),MATCH(9003,'Aktif Detay'!$B:$B,0)+1),MATCH(A36,'Aktif Detay'!$5:$5,0))) -> 2.2090569e+08 | D36: 350 | E36: 1- Kazanılmamış Primler Karşılığı - Net | F36: =INDIRECT("'Pasif Detay'!"&ADDRESS(IFERROR(MATCH(VLOOKUP($E$3,$BC$3:$BE$140,2,0),'Pasif Detay'!$B:$B,0),MATCH(9003,'Pasif Detay'!$B:$B,0)+1),MATCH(D36,'Pasif Detay'!$5:$5,0))) -> 5.0018067e+11 | BC36: SS Atlas Sigorta Kooperatifi | BD36: 1046
A37: 133 | B37: 3- Bağlı Ortaklıklardan Alacaklar | C37: =INDIRECT("'Aktif Detay'!"&ADDRESS(IFERROR(MATCH(VLOOKUP($E$3,$BC$3:$BE$140,2,0),'Aktif Detay'!$B:$B,0),MATCH(9003,'Aktif Detay'!$B:$B,0)+1),MATCH(A37,'Aktif Detay'!$5:$5,0))) -> 57216873 | D37: 351 | E37: 2- Devam Eden Riskler Karşılığı - Net | F37: =INDIRECT("'Pasif Detay'!"&ADDRESS(IFERROR(MATCH(VLOOKUP($E$3,$BC$3:$BE$140,2,0),'Pasif Detay'!$B:$B,0),MATCH(9003,'Pasif Detay'!$B:$B,0)+1),MATCH(D37,'Pasif Detay'!$5:$5,0))) -> 1.817705e+10 | BC37: Türkiye Katılım Sigorta AŞ | BD37: 1048
A38: 134 | B38: 4- Müşterek Yönetime Tabi Teşebbüslerden Alacaklar | C38: =INDIRECT("'Aktif Detay'!"&ADDRESS(IFERROR(MATCH(VLOOKUP($E$3,$BC$3:$BE$140,2,0),'Aktif Detay'!$B:$B,0),MATCH(9003,'Aktif Detay'!$B:$B,0)+1),MATCH(A38,'Aktif Detay'!$5:$5,0))) -> 39118576 | D38: 352 | E38: 3- Hayat Matematik Karşılığı - Net | F38: =INDIRECT("'Pasif Detay'!"&ADDRESS(IFERROR(MATCH(VLOOKUP($E$3,$BC$3:$BE$140,2,0),'Pasif Detay'!$B:$B,0),MATCH(9003,'Pasif Detay'!$B:$B,0)+1),MATCH(D38,'Pasif Detay'!$5:$5,0))) -> 5.7002471e+10 | BC38: Ana Sigorta AŞ | BD38: 1049
A39: 135 | B39: 5- Personelden Alacaklar | C39: =INDIRECT("'Aktif Detay'!"&ADDRESS(IFERROR(MATCH(VLOOKUP($E$3,$BC$3:$BE$140,2,0),'Aktif Detay'!$B:$B,0),MATCH(9003,'Aktif Detay'!$B:$B,0)+1),MATCH(A39,'Aktif Detay'!$5:$5,0))) -> 19016184 | D39: 353 | E39: 4- Muallak Hasar ve Tazminat Karşılığı - Net | F39: =INDIRECT("'Pasif Detay'!"&ADDRESS(IFERROR(MATCH(VLOOKUP($E$3,$BC$3:$BE$140,2,0),'Pasif Detay'!$B:$B,0),MATCH(9003,'Pasif Detay'!$B:$B,0)+1),MATCH(D39,'Pasif Detay'!$5:$5,0))) -> 4.0508025e+11 | BC39: Arex Sigorta AŞ | BD39: 1051
A40: 136 | B40: 6- Diğer İlişkili Taraflardan Alacaklar | C40: =INDIRECT("'Aktif Detay'!"&ADDRESS(IFERROR(MATCH(VLOOKUP($E$3,$BC$3:$BE$140,2,0),'Aktif Detay'!$B:$B,0),MATCH(9003,'Aktif Detay'!$B:$B,0)+1),MATCH(A40,'Aktif Detay'!$5:$5,0))) -> 2.8315285e+08 | D40: 354 | E40: 5- İkramiye ve İndirimler Karşılığı - Net | F40: =INDIRECT("'Pasif Detay'!"&ADDRESS(IFERROR(MATCH(VLOOKUP($E$3,$BC$3:$BE$140,2,0),'Pasif Detay'!$B:$B,0),MATCH(9003,'Pasif Detay'!$B:$B,0)+1),MATCH(D40,'Pasif Detay'!$5:$5,0))) -> 3.3136907e+09 | BC40: Prive Sigorta AŞ | BD40: 1052
A41: 137 | B41: 7- İlişkili Taraflardan Alacaklar Reeskontu (-) | C41: =INDIRECT("'Aktif Detay'!"&ADDRESS(IFERROR(MATCH(VLOOKUP($E$3,$BC$3:$BE$140,2,0),'Aktif Detay'!$B:$B,0),MATCH(9003,'Aktif Detay'!$B:$B,0)+1),MATCH(A41,'Aktif Detay'!$5:$5,0))) -> 0 | D41: 359 | E41: 6- Diğer Teknik Karşılıklar - Net | F41: =INDIRECT("'Pasif Detay'!"&ADDRESS(IFERROR(MATCH(VLOOKUP($E$3,$BC$3:$BE$140,2,0),'Pasif Detay'!$B:$B,0),MATCH(9003,'Pasif Detay'!$B:$B,0)+1),MATCH(D41,'Pasif Detay'!$5:$5,0))) -> 1.1036498e+09 | BC41: Hepiyi Sigorta AŞ | BD41: 1053
A42: 138 | B42: 8- İlişkili Taraflardan Şüpheli Alacaklar | C42: =INDIRECT("'Aktif Detay'!"&ADDRESS(IFERROR(MATCH(VLOOKUP($E$3,$BC$3:$BE$140,2,0),'Aktif Detay'!$B:$B,0),MATCH(9003,'Aktif Detay'!$B:$B,0)+1),MATCH(A42,'Aktif Detay'!$5:$5,0))) -> 1551278.1 | E42: F- Ödenecek Vergi ve Benzeri Diğer Yükümlülükler İle Karşılıkları | F42: =SUM(F43:F49) -> 3.374427e+10 | BC42: Aveon Global Sigorta AŞ | BD42: 1054
A43: 139 | B43: 9- İlişkili Taraflardan Şüpheli Alacaklar Karşılığı (-) | C43: =INDIRECT("'Aktif Detay'!"&ADDRESS(IFERROR(MATCH(VLOOKUP($E$3,$BC$3:$BE$140,2,0),'Aktif Detay'!$B:$B,0),MATCH(9003,'Aktif Detay'!$B:$B,0)+1),MATCH(A43,'Aktif Detay'!$5:$5,0))) -> -1551278.1 | D43: 360 | E43: 1- Ödenecek Vergi ve Fonlar | F43: =INDIRECT("'Pasif Detay'!"&ADDRESS(IFERROR(MATCH(VLOOKUP($E$3,$BC$3:$BE$140,2,0),'Pasif Detay'!$B:$B,0),MATCH(9003,'Pasif Detay'!$B:$B,0)+1),MATCH(D43,'Pasif Detay'!$5:$5,0))) -> 1.3006005e+10 | BC43: AcnTurk Sigorta AŞ | BD43: 1055
B44: E. Diğer Alacaklar | C44: =SUM(C45:C51) -> 1.3845075e+10 | D44: 361 | E44: 2- Ödenecek Sosyal Güvenlik Kesintileri | F44: =INDIRECT("'Pasif Detay'!"&ADDRESS(IFERROR(MATCH(VLOOKUP($E$3,$BC$3:$BE$140,2,0),'Pasif Detay'!$B:$B,0),MATCH(9003,'Pasif Detay'!$B:$B,0)+1),MATCH(D44,'Pasif Detay'!$5:$5,0))) -> 1.7301112e+09 | BC44: Emaa Sigorta AŞ | BD44: 1056
A45: 141 | B45: 1- Finansal Kiralama Alacakları | C45: =INDIRECT("'Aktif Detay'!"&ADDRESS(IFERROR(MATCH(VLOOKUP($E$3,$BC$3:$BE$140,2,0),'Aktif Detay'!$B:$B,0),MATCH(9003,'Aktif Detay'!$B:$B,0)+1),MATCH(A45,'Aktif Detay'!$5:$5,0))) -> 0 | D45: 362 | E45: 3- Vadesi Geçmiş, Ertelenmiş veya Taksitlendirilmiş Vergi ve Diğer Yükümlülükler | F45: =INDIRECT("'Pasif Detay'!"&ADDRESS(IFERROR(MATCH(VLOOKUP($E$3,$BC$3:$BE$140,2,0),'Pasif Detay'!$B:$B,0),MATCH(9003,'Pasif Detay'!$B:$B,0)+1),MATCH(D45,'Pasif Detay'!$5:$5,0))) -> 0 | BC45: HDI Katılım Sigorta AŞ | BD45: 1057
A46: 142 | B46: 2- Kazanılmamış Finansal Kiralama Faiz Gelirleri (-) | C46: =INDIRECT("'Aktif Detay'!"&ADDRESS(IFERROR(MATCH(VLOOKUP($E$3,$BC$3:$BE$140,2,0),'Aktif Detay'!$B:$B,0),MATCH(9003,'Aktif Detay'!$B:$B,0)+1),MATCH(A46,'Aktif Detay'!$5:$5,0))) -> 0 | D46: 363 | E46: 4- Ödenecek Diğer Vergi ve Benzeri Yükümlülükler | F46: =INDIRECT("'Pasif Detay'!"&ADDRESS(IFERROR(MATCH(VLOOKUP($E$3,$BC$3:$BE$140,2,0),'Pasif Detay'!$B:$B,0),MATCH(9003,'Pasif Detay'!$B:$B,0)+1),MATCH(D46,'Pasif Detay'!$5:$5,0))) -> 3.2238656e+08 | BC46: Fiba Sigorta AŞ | BD46: 1058
A47: 145 | B47: 3- Verilen Depozito ve Teminatlar | C47: =INDIRECT("'Aktif Detay'!"&ADDRESS(IFERROR(MATCH(VLOOKUP($E$3,$BC$3:$BE$140,2,0),'Aktif Detay'!$B:$B,0),MATCH(9003,'Aktif Detay'!$B:$B,0)+1),MATCH(A47,'Aktif Detay'!$5:$5,0))) -> 1.1825344e+09 | D47: 364 | E47: 5- Dönem Karı Vergi ve Diğer Yasal Yükümlülük Karşılıkları | F47: =INDIRECT("'Pasif Detay'!"&ADDRESS(IFERROR(MATCH(VLOOKUP($E$3,$BC$3:$BE$140,2,0),'Pasif Detay'!$B:$B,0),MATCH(9003,'Pasif Detay'!$B:$B,0)+1),MATCH(D47,'Pasif Detay'!$5:$5,0))) -> 4.1646946e+10 | BC47: Turkcell Dijital Sigorta AŞ | BD47: 1059
A48: 146 | B48: 4- Diğer Çeşitli Alacaklar | C48: =INDIRECT("'Aktif Detay'!"&ADDRESS(IFERROR(MATCH(VLOOKUP($E$3,$BC$3:$BE$140,2,0),'Aktif Detay'!$B:$B,0),MATCH(9003,'Aktif Detay'!$B:$B,0)+1),MATCH(A48,'Aktif Detay'!$5:$5,0))) -> 1.3005343e+10 | D48: 365 | E48: 6- Dönem Karının Peşin Ödenen Vergi ve Diğer Yükümlülükleri | F48: =INDIRECT("'Pasif Detay'!"&ADDRESS(IFERROR(MATCH(VLOOKUP($E$3,$BC$3:$BE$140,2,0),'Pasif Detay'!$B:$B,0),MATCH(9003,'Pasif Detay'!$B:$B,0)+1),MATCH(D48,'Pasif Detay'!$5:$5,0))) -> -2.2963906e+10 | BC48: Global World Sigorta AŞ | BD48: 1060
A49: 147 | B49: 5- Diğer Çeşitli Alacaklar Reeskontu(-) | C49: =INDIRECT("'Aktif Detay'!"&ADDRESS(IFERROR(MATCH(VLOOKUP($E$3,$BC$3:$BE$140,2,0),'Aktif Detay'!$B:$B,0),MATCH(9003,'Aktif Detay'!$B:$B,0)+1),MATCH(A49,'Aktif Detay'!$5:$5,0))) -> -3.6865303e+08 | D49: 369 | E49: 7- Diğer Vergi ve Benzeri Yükümlülük Karşılıkları | F49: =INDIRECT("'Pasif Detay'!"&ADDRESS(IFERROR(MATCH(VLOOKUP($E$3,$BC$3:$BE$140,2,0),'Pasif Detay'!$B:$B,0),MATCH(9003,'Pasif Detay'!$B:$B,0)+1),MATCH(D49,'Pasif Detay'!$5:$5,0))) -> 2727126.6 | BC49: Medisa Sigorta AŞ | BD49: 1061
A50: 148 | B50: 6- Şüpheli Diğer Alacaklar | C50: =INDIRECT("'Aktif Detay'!"&ADDRESS(IFERROR(MATCH(VLOOKUP($E$3,$BC$3:$BE$140,2,0),'Aktif Detay'!$B:$B,0),MATCH(9003,'Aktif Detay'!$B:$B,0)+1),MATCH(A50,'Aktif Detay'!$5:$5,0))) -> 1.1896889e+08 | E50: G- Diğer Risklere İlişkin Karşılıklar | F50: =SUM(F51:F53) -> 2.0322602e+10 | BC50: Bupa Acıbadem Sigorta AŞ | BD50: 2001
A51: 149 | B51: 7- Şüpheli Diğer Alacaklar Karşılığı (-) | C51: =INDIRECT("'Aktif Detay'!"&ADDRESS(IFERROR(MATCH(VLOOKUP($E$3,$BC$3:$BE$140,2,0),'Aktif Detay'!$B:$B,0),MATCH(9003,'Aktif Detay'!$B:$B,0)+1),MATCH(A51,'Aktif Detay'!$5:$5,0))) -> -93118227 | D51: 371 | E51: 1- Kıdem Tazminatı Karşılığı | F51: =INDIRECT("'Pasif Detay'!"&ADDRESS(IFERROR(MATCH(VLOOKUP($E$3,$BC$3:$BE$140,2,0),'Pasif Detay'!$B:$B,0),MATCH(9003,'Pasif Detay'!$B:$B,0)+1),MATCH(D51,'Pasif Detay'!$5:$5,0))) -> 1.6857804e+08 | BC51: BNP Paribas Cardif Hayat Sigorta AŞ | BD51: 2002
B52: F- Gelecek Aylara Ait Giderler ve Gelir Tahakkukları | C52: =SUM(C53:C56) -> 1.387912e+11 | D52: 372 | E52: 2- Sosyal Yardım Sandığı Varlık Açıkları Karşılığı | F52: =INDIRECT("'Pasif Detay'!"&ADDRESS(IFERROR(MATCH(VLOOKUP($E$3,$BC$3:$BE$140,2,0),'Pasif Detay'!$B:$B,0),MATCH(9003,'Pasif Detay'!$B:$B,0)+1),MATCH(D52,'Pasif Detay'!$5:$5,0))) -> 0 | BC52: Demir Sağlık ve Hayat Sigorta AŞ | BD52: 2005
A53: 180 | B53: 1- Gelecek Aylara Ait Giderler | C53: =INDIRECT("'Aktif Detay'!"&ADDRESS(IFERROR(MATCH(VLOOKUP($E$3,$BC$3:$BE$140,2,0),'Aktif Detay'!$B:$B,0),MATCH(9003,'Aktif Detay'!$B:$B,0)+1),MATCH(A53,'Aktif Detay'!$5:$5,0))) -> 1.1937675e+11 | D53: 373 | E53: 3- Maliyet Giderleri Karşılığı | F53: =INDIRECT("'Pasif Detay'!"&ADDRESS(IFERROR(MATCH(VLOOKUP($E$3,$BC$3:$BE$140,2,0),'Pasif Detay'!$B:$B,0),MATCH(9003,'Pasif Detay'!$B:$B,0)+1),MATCH(D53,'Pasif Detay'!$5:$5,0))) -> 2.0154024e+10 | BC53: Zurich Yaşam ve Emeklilik AŞ | BD53: 2006
A54: 181 | B54: 2- Tahakkuk Etmiş Faiz ve Kira Gelirleri | C54: =INDIRECT("'Aktif Detay'!"&ADDRESS(IFERROR(MATCH(VLOOKUP($E$3,$BC$3:$BE$140,2,0),'Aktif Detay'!$B:$B,0),MATCH(9003,'Aktif Detay'!$B:$B,0)+1),MATCH(A54,'Aktif Detay'!$5:$5,0))) -> 38277758 | E54: H- Gelecek Aylara Ait Gelirler ve Gider Tahakkukları | F54: =SUM(F55:F57) -> 1.767303e+10 | BC54: Türkiye Katılım Hayat AŞ | BD54: 2007
A55: 183 | B55: 3- Gelir Tahakkukları | C55: =INDIRECT("'Aktif Detay'!"&ADDRESS(IFERROR(MATCH(VLOOKUP($E$3,$BC$3:$BE$140,2,0),'Aktif Detay'!$B:$B,0),MATCH(9003,'Aktif Detay'!$B:$B,0)+1),MATCH(A55,'Aktif Detay'!$5:$5,0))) -> 2.4898737e+09 | D55: 380 | E55: 1- Gelecek Aylara Ait Gelirler | F55: =INDIRECT("'Pasif Detay'!"&ADDRESS(IFERROR(MATCH(VLOOKUP($E$3,$BC$3:$BE$140,2,0),'Pasif Detay'!$B:$B,0),MATCH(9003,'Pasif Detay'!$B:$B,0)+1),MATCH(D55,'Pasif Detay'!$5:$5,0))) -> 2.3665786e+10 | BC55: Quick Hayat Sigorta AŞ | BD55: 2008
A56: 189 | B56: 4- Gelecek Aylara Ait Diğer Giderler ve Gelir Tahakkukları | C56: =INDIRECT("'Aktif Detay'!"&ADDRESS(IFERROR(MATCH(VLOOKUP($E$3,$BC$3:$BE$140,2,0),'Aktif Detay'!$B:$B,0),MATCH(9003,'Aktif Detay'!$B:$B,0)+1),MATCH(A56,'Aktif Detay'!$5:$5,0))) -> 1.6886298e+10 | D56: 383 | E56: 2- Gider Tahakkukları | F56: =INDIRECT("'Pasif Detay'!"&ADDRESS(IFERROR(MATCH(VLOOKUP($E$3,$BC$3:$BE$140,2,0),'Pasif Detay'!$B:$B,0),MATCH(9003,'Pasif Detay'!$B:$B,0)+1),MATCH(D56,'Pasif Detay'!$5:$5,0))) -> 4.3920768e+09 | BC56: Viennalife Emeklilik ve Hayat AŞ | BD56: 3001
B57: G- Diğer Cari Varlıklar | C57: =SUM(C58:C65) -> 1.1289809e+10 | D57: 384 | E57: 3- Gelecek Aylara Ait Diğer Gelirler ve Gider Tahakkukları | F57: =INDIRECT("'Pasif Detay'!"&ADDRESS(IFERROR(MATCH(VLOOKUP($E$3,$BC$3:$BE$140,2,0),'Pasif Detay'!$B:$B,0),MATCH(9003,'Pasif Detay'!$B:$B,0)+1),MATCH(D57,'Pasif Detay'!$5:$5,0))) -> -1.0384833e+10 | BC57: Allianz Hayat ve Emeklilik AŞ | BD57: 3002
A58: 192 | B58: 1- Gelecek Aylar İhtiyacı Stoklar | C58: =INDIRECT("'Aktif Detay'!"&ADDRESS(IFERROR(MATCH(VLOOKUP($E$3,$BC$3:$BE$140,2,0),'Aktif Detay'!$B:$B,0),MATCH(9003,'Aktif Detay'!$B:$B,0)+1),MATCH(A58,'Aktif Detay'!$5:$5,0))) -> 1.0860152e+08 | E58: I- Diğer Kısa Vadeli Yükümlülükler | F58: =SUM(F59:F61) -> 1.1522068e+09 | BC58: Allianz Yaşam ve Emeklilik AŞ | BD58: 3003
A59: 193 | B59: 2- Peşin Ödenen Vergiler ve Fonlar | C59: =INDIRECT("'Aktif Detay'!"&ADDRESS(IFERROR(MATCH(VLOOKUP($E$3,$BC$3:$BE$140,2,0),'Aktif Detay'!$B:$B,0),MATCH(9003,'Aktif Detay'!$B:$B,0)+1),MATCH(A59,'Aktif Detay'!$5:$5,0))) -> 8.1286187e+09 | D59: 394 | E59: 1- Ertelenmiş Vergi Yükümlüğü | F59: =INDIRECT("'Pasif Detay'!"&ADDRESS(IFERROR(MATCH(VLOOKUP($E$3,$BC$3:$BE$140,2,0),'Pasif Detay'!$B:$B,0),MATCH(9003,'Pasif Detay'!$B:$B,0)+1),MATCH(D59,'Pasif Detay'!$5:$5,0))) -> 4.1895962e+08 | BC59: Anadolu Hayat Emeklilik AŞ | BD59: 3004
A60: 194 | B60: 3- Ertelenmiş Vergi Varlıkları | C60: =INDIRECT("'Aktif Detay'!"&ADDRESS(IFERROR(MATCH(VLOOKUP($E$3,$BC$3:$BE$140,2,0),'Aktif Detay'!$B:$B,0),MATCH(9003,'Aktif Detay'!$B:$B,0)+1),MATCH(A60,'Aktif Detay'!$5:$5,0))) -> 0.05 | D60: 397 | E60: 2- Sayım ve Tesellüm Fazlalıkları | F60: =INDIRECT("'Pasif Detay'!"&ADDRESS(IFERROR(MATCH(VLOOKUP($E$3,$BC$3:$BE$140,2,0),'Pasif Detay'!$B:$B,0),MATCH(9003,'Pasif Detay'!$B:$B,0)+1),MATCH(D60,'Pasif Detay'!$5:$5,0))) -> 4.36 | BC60: Bereket Emeklilik ve Hayat AŞ | BD60: 3005
A61: 195 | B61: 4- İş Avansları | C61: =INDIRECT("'Aktif Detay'!"&ADDRESS(IFERROR(MATCH(VLOOKUP($E$3,$BC$3:$BE$140,2,0),'Aktif Detay'!$B:$B,0),MATCH(9003,'Aktif Detay'!$B:$B,0)+1),MATCH(A61,'Aktif Detay'!$5:$5,0))) -> 2.559637e+09 | D61: 399 | E61: 3- Diğer Çeşitli Kısa Vadeli Yükümlülükler | F61: =INDIRECT("'Pasif Detay'!"&ADDRESS(IFERROR(MATCH(VLOOKUP($E$3,$BC$3:$BE$140,2,0),'Pasif Detay'!$B:$B,0),MATCH(9003,'Pasif Detay'!$B:$B,0)+1),MATCH(D61,'Pasif Detay'!$5:$5,0))) -> 7.3324721e+08 | BC61: AgeSA Emeklilik ve Hayat AŞ | BD61: 3006
A62: 196 | B62: 5- Personele Verilen Avanslar | C62: =INDIRECT("'Aktif Detay'!"&ADDRESS(IFERROR(MATCH(VLOOKUP($E$3,$BC$3:$BE$140,2,0),'Aktif Detay'!$B:$B,0),MATCH(9003,'Aktif Detay'!$B:$B,0)+1),MATCH(A62,'Aktif Detay'!$5:$5,0))) -> 3.2110338e+08 | E62: IV- UZUN VADELİ YÜKÜMLÜLÜKLER | F62: =+F63+F71+F78+F85+F90+F97+F101+F104+F108 -> 2.2151946e+12 | BC62: Axa Hayat ve Emeklilik AŞ | BD62: 3007
A63: 197 | B63: 6- Sayım ve Tesellüm Noksanları | C63: =INDIRECT("'Aktif Detay'!"&ADDRESS(IFERROR(MATCH(VLOOKUP($E$3,$BC$3:$BE$140,2,0),'Aktif Detay'!$B:$B,0),MATCH(9003,'Aktif Detay'!$B:$B,0)+1),MATCH(A63,'Aktif Detay'!$5:$5,0))) -> 27311.27 | E63: A- Finansal Borçlar | F63: =SUM(F64:F70) -> 3.03161e+09 | BC63: BNP Paribas Cardif Emeklilik AŞ | BD63: 3008
A64: 198 | B64: 7- Diğer Çeşitli Cari Varlıklar | C64: =INDIRECT("'Aktif Detay'!"&ADDRESS(IFERROR(MATCH(VLOOKUP($E$3,$BC$3:$BE$140,2,0),'Aktif Detay'!$B:$B,0),MATCH(9003,'Aktif Detay'!$B:$B,0)+1),MATCH(A64,'Aktif Detay'!$5:$5,0))) -> 1.8945286e+08 | D64: 400 | E64: 1- Kredi Kuruluşlarına Borçlar | F64: =INDIRECT("'Pasif Detay'!"&ADDRESS(IFERROR(MATCH(VLOOKUP($E$3,$BC$3:$BE$140,2,0),'Pasif Detay'!$B:$B,0),MATCH(9003,'Pasif Detay'!$B:$B,0)+1),MATCH(D64,'Pasif Detay'!$5:$5,0))) -> 0 | BC64: QNB Sağlık Hayat Sigorta ve Emeklilik AŞ | BD64: 3009
A65: 199 | B65: 8- Diğer Cari Varlıklar Karşılığı (-) | C65: =INDIRECT("'Aktif Detay'!"&ADDRESS(IFERROR(MATCH(VLOOKUP($E$3,$BC$3:$BE$140,2,0),'Aktif Detay'!$B:$B,0),MATCH(9003,'Aktif Detay'!$B:$B,0)+1),MATCH(A65,'Aktif Detay'!$5:$5,0))) -> -17631484 | D65: 401 | E65: 2- Finansal Kiralama İşlemlerinden Borçlar | F65: =INDIRECT("'Pasif Detay'!"&ADDRESS(IFERROR(MATCH(VLOOKUP($E$3,$BC$3:$BE$140,2,0),'Pasif Detay'!$B:$B,0),MATCH(9003,'Pasif Detay'!$B:$B,0)+1),MATCH(D65,'Pasif Detay'!$5:$5,0))) -> 3.7232763e+09 | BC65: Fiba Emeklilik ve Hayat AŞ | BD65: 3011
B66: II. CARİ OLMAYAN VARLIKLAR | C66: =+C67+C78+C88+C96+C107+C118+C126+C130 -> 2.1362742e+12 | D66: 402 | E66: 3- Ertelenmiş Finansal Kiralama Borçlanma Maliyetleri | F66: =INDIRECT("'Pasif Detay'!"&ADDRESS(IFERROR(MATCH(VLOOKUP($E$3,$BC$3:$BE$140,2,0),'Pasif Detay'!$B:$B,0),MATCH(9003,'Pasif Detay'!$B:$B,0)+1),MATCH(D66,'Pasif Detay'!$5:$5,0))) -> -8.9110142e+08 | BC66: Garanti Emeklilik ve Hayat AŞ | BD66: 3012
B67: A- Esas Faaliyetlerden Alacaklar | C67: =SUM(C68:C77) -> 2.0030238e+12 | D67: 404 | E67: 4- Çıkarılmış Tahviller | F67: =INDIRECT("'Pasif Detay'!"&ADDRESS(IFERROR(MATCH(VLOOKUP($E$3,$BC$3:$BE$140,2,0),'Pasif Detay'!$B:$B,0),MATCH(9003,'Pasif Detay'!$B:$B,0)+1),MATCH(D67,'Pasif Detay'!$5:$5,0))) -> 0 | BC67: Katılım Emeklilik ve Hayat AŞ | BD67: 3016
A68: 220 | B68: 1- Sigortacılık Faaliyetlerinden Alacaklar | C68: =INDIRECT("'Aktif Detay'!"&ADDRESS(IFERROR(MATCH(VLOOKUP($E$3,$BC$3:$BE$140,2,0),'Aktif Detay'!$B:$B,0),MATCH(9003,'Aktif Detay'!$B:$B,0)+1),MATCH(A68,'Aktif Detay'!$5:$5,0))) -> 6.329426e+08 | D68: 407 | E68: 5- Çıkarılmış Diğer Finansal Varlıklar | F68: =INDIRECT("'Pasif Detay'!"&ADDRESS(IFERROR(MATCH(VLOOKUP($E$3,$BC$3:$BE$140,2,0),'Pasif Detay'!$B:$B,0),MATCH(9003,'Pasif Detay'!$B:$B,0)+1),MATCH(D68,'Pasif Detay'!$5:$5,0))) -> 0 | BC68: Metlife Emeklilik ve Hayat AŞ | BD68: 3017
A69: 221 | B69: 2- Sigortacılık Faaliyetlerinden Alacaklar Karşılığı (-) | C69: =INDIRECT("'Aktif Detay'!"&ADDRESS(IFERROR(MATCH(VLOOKUP($E$3,$BC$3:$BE$140,2,0),'Aktif Detay'!$B:$B,0),MATCH(9003,'Aktif Detay'!$B:$B,0)+1),MATCH(A69,'Aktif Detay'!$5:$5,0))) -> 0 | D69: 408 | E69: 6- Çıkarılmış Diğer Finansal Varlıklar İhraç Farkı | F69: =INDIRECT("'Pasif Detay'!"&ADDRESS(IFERROR(MATCH(VLOOKUP($E$3,$BC$3:$BE$140,2,0),'Pasif Detay'!$B:$B,0),MATCH(9003,'Pasif Detay'!$B:$B,0)+1),MATCH(D69,'Pasif Detay'!$5:$5,0))) -> 0 | BC69: Türkiye Hayat ve Emeklilik AŞ | BD69: 3018
A70: 222 | B70: 3- Reasürans Faaliyetlerinden Alacaklar | C70: =INDIRECT("'Aktif Detay'!"&ADDRESS(IFERROR(MATCH(VLOOKUP($E$3,$BC$3:$BE$140,2,0),'Aktif Detay'!$B:$B,0),MATCH(9003,'Aktif Detay'!$B:$B,0)+1),MATCH(A70,'Aktif Detay'!$5:$5,0))) -> 0 | D70: 409 | E70: 7- Diğer Finansal Borçlar (Yükümlülükler) | F70: =INDIRECT("'Pasif Detay'!"&ADDRESS(IFERROR(MATCH(VLOOKUP($E$3,$BC$3:$BE$140,2,0),'Pasif Detay'!$B:$B,0),MATCH(9003,'Pasif Detay'!$B:$B,0)+1),MATCH(D70,'Pasif Detay'!$5:$5,0))) -> 1.9943512e+08 | BC70: Milli Reasürans TAŞ | BD70: 4002
A71: 223 | B71: 4- Reasürans Faaliyetlerinden Alacaklar Karşılığı (-) | C71: =INDIRECT("'Aktif Detay'!"&ADDRESS(IFERROR(MATCH(VLOOKUP($E$3,$BC$3:$BE$140,2,0),'Aktif Detay'!$B:$B,0),MATCH(9003,'Aktif Detay'!$B:$B,0)+1),MATCH(A71,'Aktif Detay'!$5:$5,0))) -> 0 | E71: B- Esas Faaliyetlerden Borçlar | F71: =SUM(F72:F77) -> 2.0018163e+12 | BC71: VHV Reasürans AŞ | BD71: 4003
A72: 224 | B72: 5- Sigorta ve Reasürans Şirketleri Nezdindeki Depolar | C72: =INDIRECT("'Aktif Detay'!"&ADDRESS(IFERROR(MATCH(VLOOKUP($E$3,$BC$3:$BE$140,2,0),'Aktif Detay'!$B:$B,0),MATCH(9003,'Aktif Detay'!$B:$B,0)+1),MATCH(A72,'Aktif Detay'!$5:$5,0))) -> 0 | D72: 420 | E72: 1- Sigortacılık Faaliyetlerinden Borçlar | F72: =INDIRECT("'Pasif Detay'!"&ADDRESS(IFERROR(MATCH(VLOOKUP($E$3,$BC$3:$BE$140,2,0),'Pasif Detay'!$B:$B,0),MATCH(9003,'Pasif Detay'!$B:$B,0)+1),MATCH(D72,'Pasif Detay'!$5:$5,0))) -> 1.4317749e+08 | BC72: Türk Reasürans AŞ | BD72: 4004
A73: 225 | B73: 6- Sigortalılara Krediler (İkrazlar) | C73: =INDIRECT("'Aktif Detay'!"&ADDRESS(IFERROR(MATCH(VLOOKUP($E$3,$BC$3:$BE$140,2,0),'Aktif Detay'!$B:$B,0),MATCH(9003,'Aktif Detay'!$B:$B,0)+1),MATCH(A73,'Aktif Detay'!$5:$5,0))) -> 8.3885586e+08 | D73: 422 | E73: 2- Reasürans Faaliyetlerinden Borçlar | F73: =INDIRECT("'Pasif Detay'!"&ADDRESS(IFERROR(MATCH(VLOOKUP($E$3,$BC$3:$BE$140,2,0),'Pasif Detay'!$B:$B,0),MATCH(9003,'Pasif Detay'!$B:$B,0)+1),MATCH(D73,'Pasif Detay'!$5:$5,0))) -> 0 | BC73: Türk Katılım Reasürans AŞ | BD73: 4005
A74: 226 | B74: 7- Sigortalılara Krediler (İkrazlar) Karşılığı (-) | C74: =INDIRECT("'Aktif Detay'!"&ADDRESS(IFERROR(MATCH(VLOOKUP($E$3,$BC$3:$BE$140,2,0),'Aktif Detay'!$B:$B,0),MATCH(9003,'Aktif Detay'!$B:$B,0)+1),MATCH(A74,'Aktif Detay'!$5:$5,0))) -> 0 | D74: 424 | E74: 3- Sigorta ve Reasürans Şirketlerinden Alınan Depolar | F74: =INDIRECT("'Pasif Detay'!"&ADDRESS(IFERROR(MATCH(VLOOKUP($E$3,$BC$3:$BE$140,2,0),'Pasif Detay'!$B:$B,0),MATCH(9003,'Pasif Detay'!$B:$B,0)+1),MATCH(D74,'Pasif Detay'!$5:$5,0))) -> 1.2123952e+08 | BC74: TOPLAM (HAYAT DIŞI ŞİRKETLER) | BD74: 9000
A75: 227 | B75: 8- Emeklilik Faaliyetlerinden Alacaklar | C75: =INDIRECT("'Aktif Detay'!"&ADDRESS(IFERROR(MATCH(VLOOKUP($E$3,$BC$3:$BE$140,2,0),'Aktif Detay'!$B:$B,0),MATCH(9003,'Aktif Detay'!$B:$B,0)+1),MATCH(A75,'Aktif Detay'!$5:$5,0))) -> 2.0015519e+12 | D75: 427 | E75: 4- Emeklilik Faaliyetlerinden Borçlar | F75: =INDIRECT("'Pasif Detay'!"&ADDRESS(IFERROR(MATCH(VLOOKUP($E$3,$BC$3:$BE$140,2,0),'Pasif Detay'!$B:$B,0),MATCH(9003,'Pasif Detay'!$B:$B,0)+1),MATCH(D75,'Pasif Detay'!$5:$5,0))) -> 2.0015519e+12 | BC75: TOPLAM (HAYAT VE EMEKLİLİK ŞİRKETLERİ) | BD75: 9001
A76: 228 | B76: 9- Esas Faaliyetlerden Kaynaklanan Şüpheli Alacaklar | C76: =INDIRECT("'Aktif Detay'!"&ADDRESS(IFERROR(MATCH(VLOOKUP($E$3,$BC$3:$BE$140,2,0),'Aktif Detay'!$B:$B,0),MATCH(9003,'Aktif Detay'!$B:$B,0)+1),MATCH(A76,'Aktif Detay'!$5:$5,0))) -> 9.4534813e+08 | D76: 428 | E76: 5- Diğer Esas Faaliyetlerden Borçlar | F76: =INDIRECT("'Pasif Detay'!"&ADDRESS(IFERROR(MATCH(VLOOKUP($E$3,$BC$3:$BE$140,2,0),'Pasif Detay'!$B:$B,0),MATCH(9003,'Pasif Detay'!$B:$B,0)+1),MATCH(D76,'Pasif Detay'!$5:$5,0))) -> 0 | BC76: TOPLAM (REASÜRANS ŞİRKETLERİ) | BD76: 9002
A77: 229 | B77: 10- Esas Faaliyetlerden Kaynaklanan Şüpheli Alacaklar Karşılığı (-) | C77: =INDIRECT("'Aktif Detay'!"&ADDRESS(IFERROR(MATCH(VLOOKUP($E$3,$BC$3:$BE$140,2,0),'Aktif Detay'!$B:$B,0),MATCH(9003,'Aktif Detay'!$B:$B,0)+1),MATCH(A77,'Aktif Detay'!$5:$5,0))) -> -9.4524307e+08 | D77: 429 | E77: 6- Diğer Esas Faaliyetlerden Borçlar Borç Senetleri Reeskontu | F77: =INDIRECT("'Pasif Detay'!"&ADDRESS(IFERROR(MATCH(VLOOKUP($E$3,$BC$3:$BE$140,2,0),'Pasif Detay'!$B:$B,0),MATCH(9003,'Pasif Detay'!$B:$B,0)+1),MATCH(D77,'Pasif Detay'!$5:$5,0))) -> 0 | BC77: TOPLAM (HAYAT DIŞI ŞİRKETLER+HAYAT VE EMEKLİLİK ŞİRKETLERİ) | BD77: 9003
B78: B- İlişkili Taraflardan Alacaklar | C78: =SUM(C79:C87) -> 8044089.9 | E78: C- İlişkili Taraflara Borçlar | F78: =SUM(F79:F84) -> 2833613 | BC78: TOPLAM (HAYAT DIŞI ŞİRKETLER+HAYAT VE EMEKLİLİK ŞİRKETLERİ+REASÜRANS ŞİRKETLERİ)
A79: 231 | B79: 1- Ortaklardan Alacaklar | C79: =INDIRECT("'Aktif Detay'!"&ADDRESS(IFERROR(MATCH(VLOOKUP($E$3,$BC$3:$BE$140,2,0),'Aktif Detay'!$B:$B,0),MATCH(9003,'Aktif Detay'!$B:$B,0)+1),MATCH(A79,'Aktif Detay'!$5:$5,0))) -> 8044089.9 | D79: 431 | E79: 1- Ortaklara Borçlar | F79: =INDIRECT("'Pasif Detay'!"&ADDRESS(IFERROR(MATCH(VLOOKUP($E$3,$BC$3:$BE$140,2,0),'Pasif Detay'!$B:$B,0),MATCH(9003,'Pasif Detay'!$B:$B,0)+1),MATCH(D79,'Pasif Detay'!$5:$5,0))) -> 2833613
A80: 232 | B80: 2- İştiraklerden Alacaklar | C80: =INDIRECT("'Aktif Detay'!"&ADDRESS(IFERROR(MATCH(VLOOKUP($E$3,$BC$3:$BE$140,2,0),'Aktif Detay'!$B:$B,0),MATCH(9003,'Aktif Detay'!$B:$B,0)+1),MATCH(A80,'Aktif Detay'!$5:$5,0))) -> 0 | D80: 432 | E80: 2- İştiraklere Borçlar | F80: =INDIRECT("'Pasif Detay'!"&ADDRESS(IFERROR(MATCH(VLOOKUP($E$3,$BC$3:$BE$140,2,0),'Pasif Detay'!$B:$B,0),MATCH(9003,'Pasif Detay'!$B:$B,0)+1),MATCH(D80,'Pasif Detay'!$5:$5,0))) -> 0
A81: 233 | B81: 3- Bağlı Ortaklıklardan Alacaklar | C81: =INDIRECT("'Aktif Detay'!"&ADDRESS(IFERROR(MATCH(VLOOKUP($E$3,$BC$3:$BE$140,2,0),'Aktif Detay'!$B:$B,0),MATCH(9003,'Aktif Detay'!$B:$B,0)+1),MATCH(A81,'Aktif Detay'!$5:$5,0))) -> 0 | D81: 433 | E81: 3- Bağlı Ortaklıklara Borçlar | F81: =INDIRECT("'Pasif Detay'!"&ADDRESS(IFERROR(MATCH(VLOOKUP($E$3,$BC$3:$BE$140,2,0),'Pasif Detay'!$B:$B,0),MATCH(9003,'Pasif Detay'!$B:$B,0)+1),MATCH(D81,'Pasif Detay'!$5:$5,0))) -> 0
A82: 234 | B82: 4- Müşterek Yönetime Tabi Teşebbüslerden Alacaklar | C82: =INDIRECT("'Aktif Detay'!"&ADDRESS(IFERROR(MATCH(VLOOKUP($E$3,$BC$3:$BE$140,2,0),'Aktif Detay'!$B:$B,0),MATCH(9003,'Aktif Detay'!$B:$B,0)+1),MATCH(A82,'Aktif Detay'!$5:$5,0))) -> 0 | D82: 434 | E82: 4- Müşterek Yönetime Tabi Teşebbüslere Borçlar | F82: =INDIRECT("'Pasif Detay'!"&ADDRESS(IFERROR(MATCH(VLOOKUP($E$3,$BC$3:$BE$140,2,0),'Pasif Detay'!$B:$B,0),MATCH(9003,'Pasif Detay'!$B:$B,0)+1),MATCH(D82,'Pasif Detay'!$5:$5,0))) -> 0
A83: 235 | B83: 5- Personelden Alacaklar | C83: =INDIRECT("'Aktif Detay'!"&ADDRESS(IFERROR(MATCH(VLOOKUP($E$3,$BC$3:$BE$140,2,0),'Aktif Detay'!$B:$B,0),MATCH(9003,'Aktif Detay'!$B:$B,0)+1),MATCH(A83,'Aktif Detay'!$5:$5,0))) -> 0 | D83: 435 | E83: 5- Personele Borçlar | F83: =INDIRECT("'Pasif Detay'!"&ADDRESS(IFERROR(MATCH(VLOOKUP($E$3,$BC$3:$BE$140,2,0),'Pasif Detay'!$B:$B,0),MATCH(9003,'Pasif Detay'!$B:$B,0)+1),MATCH(D83,'Pasif Detay'!$5:$5,0))) -> 0
A84: 236 | B84: 6- Diğer İlişkili Taraflardan Alacaklar | C84: =INDIRECT("'Aktif Detay'!"&ADDRESS(IFERROR(MATCH(VLOOKUP($E$3,$BC$3:$BE$140,2,0),'Aktif Detay'!$B:$B,0),MATCH(9003,'Aktif Detay'!$B:$B,0)+1),MATCH(A84,'Aktif Detay'!$5:$5,0))) -> 0 | D84: 438 | E84: 6- Diğer İlişkili Taraflara Borçlar | F84: =INDIRECT("'Pasif Detay'!"&ADDRESS(IFERROR(MATCH(VLOOKUP($E$3,$BC$3:$BE$140,2,0),'Pasif Detay'!$B:$B,0),MATCH(9003,'Pasif Detay'!$B:$B,0)+1),MATCH(D84,'Pasif Detay'!$5:$5,0))) -> 0
A85: 237 | B85: 7- İlişkili Taraflardan Alacaklar Reeskontu (-) | C85: =INDIRECT("'Aktif Detay'!"&ADDRESS(IFERROR(MATCH(VLOOKUP($E$3,$BC$3:$BE$140,2,0),'Aktif Detay'!$B:$B,0),MATCH(9003,'Aktif Detay'!$B:$B,0)+1),MATCH(A85,'Aktif Detay'!$5:$5,0))) -> 0 | E85: D- Diğer Borçlar | F85: =SUM(F86:F89) -> 6.6941774e+08
A86: 238 | B86: 8- İlişkili Taraflardan Şüpheli Alacaklar | C86: =INDIRECT("'Aktif Detay'!"&ADDRESS(IFERROR(MATCH(VLOOKUP($E$3,$BC$3:$BE$140,2,0),'Aktif Detay'!$B:$B,0),MATCH(9003,'Aktif Detay'!$B:$B,0)+1),MATCH(A86,'Aktif Detay'!$5:$5,0))) -> 0 | D86: 445 | E86: 1- Alınan Depozito ve Teminatlar | F86: =INDIRECT("'Pasif Detay'!"&ADDRESS(IFERROR(MATCH(VLOOKUP($E$3,$BC$3:$BE$140,2,0),'Pasif Detay'!$B:$B,0),MATCH(9003,'Pasif Detay'!$B:$B,0)+1),MATCH(D86,'Pasif Detay'!$5:$5,0))) -> 6.6941774e+08
A87: 239 | B87: 9- İlişkili Taraflardan Şüpheli Alacaklar Karşılığı (-) | C87: =INDIRECT("'Aktif Detay'!"&ADDRESS(IFERROR(MATCH(VLOOKUP($E$3,$BC$3:$BE$140,2,0),'Aktif Detay'!$B:$B,0),MATCH(9003,'Aktif Detay'!$B:$B,0)+1),MATCH(A87,'Aktif Detay'!$5:$5,0))) -> 0 | D87: 446 | E87: 2- SGK'ya Borçlar | F87: =INDIRECT("'Pasif Detay'!"&ADDRESS(IFERROR(MATCH(VLOOKUP($E$3,$BC$3:$BE$140,2,0),'Pasif Detay'!$B:$B,0),MATCH(9003,'Pasif Detay'!$B:$B,0)+1),MATCH(D87,'Pasif Detay'!$5:$5,0))) -> -0.11
B88: C- Diğer Alacaklar | C88: =SUM(C89:C95) -> 6.8589789e+08 | D88: 447 | E88: 3- Diğer Çeşitli Borçlar | F88: =INDIRECT("'Pasif Detay'!"&ADDRESS(IFERROR(MATCH(VLOOKUP($E$3,$BC$3:$BE$140,2,0),'Pasif Detay'!$B:$B,0),MATCH(9003,'Pasif Detay'!$B:$B,0)+1),MATCH(D88,'Pasif Detay'!$5:$5,0))) -> 0
A89: 241 | B89: 1- Finansal Kiralama Alacakları | C89: =INDIRECT("'Aktif Detay'!"&ADDRESS(IFERROR(MATCH(VLOOKUP($E$3,$BC$3:$BE$140,2,0),'Aktif Detay'!$B:$B,0),MATCH(9003,'Aktif Detay'!$B:$B,0)+1),MATCH(A89,'Aktif Detay'!$5:$5,0))) -> 0 | D89: 449 | E89: 4- Diğer Çeşitli Borçlar Reeskontu | F89: =INDIRECT("'Pasif Detay'!"&ADDRESS(IFERROR(MATCH(VLOOKUP($E$3,$BC$3:$BE$140,2,0),'Pasif Detay'!$B:$B,0),MATCH(9003,'Pasif Detay'!$B:$B,0)+1),MATCH(D89,'Pasif Detay'!$5:$5,0))) -> 0
A90: 242 | B90: 2- Kazanılmamış Finansal Kiralama Faiz Gelirleri (-) | C90: =INDIRECT("'Aktif Detay'!"&ADDRESS(IFERROR(MATCH(VLOOKUP($E$3,$BC$3:$BE$140,2,0),'Aktif Detay'!$B:$B,0),MATCH(9003,'Aktif Detay'!$B:$B,0)+1),MATCH(A90,'Aktif Detay'!$5:$5,0))) -> 0 | E90: E- Sigortacılık Teknik Karşılıkları | F90: =SUM(F91:F96) -> 1.8091268e+11
A91: 245 | B91: 3- Verilen Depozito ve Teminatlar | C91: =INDIRECT("'Aktif Detay'!"&ADDRESS(IFERROR(MATCH(VLOOKUP($E$3,$BC$3:$BE$140,2,0),'Aktif Detay'!$B:$B,0),MATCH(9003,'Aktif Detay'!$B:$B,0)+1),MATCH(A91,'Aktif Detay'!$5:$5,0))) -> 6.8566989e+08 | D91: 450 | E91: 1- Kazanılmamış Primler Karşılığı - Net | F91: =INDIRECT("'Pasif Detay'!"&ADDRESS(IFERROR(MATCH(VLOOKUP($E$3,$BC$3:$BE$140,2,0),'Pasif Detay'!$B:$B,0),MATCH(9003,'Pasif Detay'!$B:$B,0)+1),MATCH(D91,'Pasif Detay'!$5:$5,0))) -> 1.1884236e+10
A92: 246 | B92: 4- Diğer Çeşitli Alacaklar | C92: =INDIRECT("'Aktif Detay'!"&ADDRESS(IFERROR(MATCH(VLOOKUP($E$3,$BC$3:$BE$140,2,0),'Aktif Detay'!$B:$B,0),MATCH(9003,'Aktif Detay'!$B:$B,0)+1),MATCH(A92,'Aktif Detay'!$5:$5,0))) -> 228000 | D92: 451 | E92: 2- Devam Eden Riskler Karşılığı - Net | F92: =INDIRECT("'Pasif Detay'!"&ADDRESS(IFERROR(MATCH(VLOOKUP($E$3,$BC$3:$BE$140,2,0),'Pasif Detay'!$B:$B,0),MATCH(9003,'Pasif Detay'!$B:$B,0)+1),MATCH(D92,'Pasif Detay'!$5:$5,0))) -> 0
A93: 247 | B93: 5- Diğer Çeşitli Alacaklar Reeskontu (-) | C93: =INDIRECT("'Aktif Detay'!"&ADDRESS(IFERROR(MATCH(VLOOKUP($E$3,$BC$3:$BE$140,2,0),'Aktif Detay'!$B:$B,0),MATCH(9003,'Aktif Detay'!$B:$B,0)+1),MATCH(A93,'Aktif Detay'!$5:$5,0))) -> 0 | D93: 452 | E93: 3- Hayat Matematik Karşılığı - Net | F93: =INDIRECT("'Pasif Detay'!"&ADDRESS(IFERROR(MATCH(VLOOKUP($E$3,$BC$3:$BE$140,2,0),'Pasif Detay'!$B:$B,0),MATCH(9003,'Pasif Detay'!$B:$B,0)+1),MATCH(D93,'Pasif Detay'!$5:$5,0))) -> 1.4915084e+11
A94: 248 | B94: 6- Şüpheli Diğer Alacaklar | C94: =INDIRECT("'Aktif Detay'!"&ADDRESS(IFERROR(MATCH(VLOOKUP($E$3,$BC$3:$BE$140,2,0),'Aktif Detay'!$B:$B,0),MATCH(9003,'Aktif Detay'!$B:$B,0)+1),MATCH(A94,'Aktif Detay'!$5:$5,0))) -> 1620487.7 | D94: 453 | E94: 4- Muallak Hasar ve Tazminat Karşılığı - Net | F94: =INDIRECT("'Pasif Detay'!"&ADDRESS(IFERROR(MATCH(VLOOKUP($E$3,$BC$3:$BE$140,2,0),'Pasif Detay'!$B:$B,0),MATCH(9003,'Pasif Detay'!$B:$B,0)+1),MATCH(D94,'Pasif Detay'!$5:$5,0))) -> 2.3302318e+09
A95: 249 | B95: 7- Şüpheli Diğer Alacaklar Karşılığı (-) | C95: =INDIRECT("'Aktif Detay'!"&ADDRESS(IFERROR(MATCH(VLOOKUP($E$3,$BC$3:$BE$140,2,0),'Aktif Detay'!$B:$B,0),MATCH(9003,'Aktif Detay'!$B:$B,0)+1),MATCH(A95,'Aktif Detay'!$5:$5,0))) -> -1620487.7 | D95: 454 | E95: 5- İkramiye ve İndirimler Karşılığı - Net | F95: =INDIRECT("'Pasif Detay'!"&ADDRESS(IFERROR(MATCH(VLOOKUP($E$3,$BC$3:$BE$140,2,0),'Pasif Detay'!$B:$B,0),MATCH(9003,'Pasif Detay'!$B:$B,0)+1),MATCH(D95,'Pasif Detay'!$5:$5,0))) -> 0
B96: D- Finansal Varlıklar | C96: =SUM(C97:C106) -> 5.9786746e+10 | D96: 459 | E96: 6- Diğer Teknik Karşılıklar - Net | F96: =INDIRECT("'Pasif Detay'!"&ADDRESS(IFERROR(MATCH(VLOOKUP($E$3,$BC$3:$BE$140,2,0),'Pasif Detay'!$B:$B,0),MATCH(9003,'Pasif Detay'!$B:$B,0)+1),MATCH(D96,'Pasif Detay'!$5:$5,0))) -> 1.7547373e+10
A97: 250 | B97: 1- Bağlı Menkul Kıymetler | C97: =INDIRECT("'Aktif Detay'!"&ADDRESS(IFERROR(MATCH(VLOOKUP($E$3,$BC$3:$BE$140,2,0),'Aktif Detay'!$B:$B,0),MATCH(9003,'Aktif Detay'!$B:$B,0)+1),MATCH(A97,'Aktif Detay'!$5:$5,0))) -> 3.6615823e+09 | E97: F- Diğer Yükümlülükler ve Karşılıkları | F97: =SUM(F98:F100) -> 71142361
A98: 251 | B98: 2- İştirakler | C98: =INDIRECT("'Aktif Detay'!"&ADDRESS(IFERROR(MATCH(VLOOKUP($E$3,$BC$3:$BE$140,2,0),'Aktif Detay'!$B:$B,0),MATCH(9003,'Aktif Detay'!$B:$B,0)+1),MATCH(A98,'Aktif Detay'!$5:$5,0))) -> 2.1916577e+10 | D98: 460 | E98: 1- Ödenecek Diğer Yükümlülükler | F98: =INDIRECT("'Pasif Detay'!"&ADDRESS(IFERROR(MATCH(VLOOKUP($E$3,$BC$3:$BE$140,2,0),'Pasif Detay'!$B:$B,0),MATCH(9003,'Pasif Detay'!$B:$B,0)+1),MATCH(D98,'Pasif Detay'!$5:$5,0))) -> 0
A99: 252 | B99: 3- İştirakler Sermaye Taahhütleri (-) | C99: =INDIRECT("'Aktif Detay'!"&ADDRESS(IFERROR(MATCH(VLOOKUP($E$3,$BC$3:$BE$140,2,0),'Aktif Detay'!$B:$B,0),MATCH(9003,'Aktif Detay'!$B:$B,0)+1),MATCH(A99,'Aktif Detay'!$5:$5,0))) -> 0 | D99: 461 | E99: 2- Vadesi Geçmiş, Ertelenmiş veya Taksitlendirilmiş Vergi ve Diğer Yükümlülükler | F99: =INDIRECT("'Pasif Detay'!"&ADDRESS(IFERROR(MATCH(VLOOKUP($E$3,$BC$3:$BE$140,2,0),'Pasif Detay'!$B:$B,0),MATCH(9003,'Pasif Detay'!$B:$B,0)+1),MATCH(D99,'Pasif Detay'!$5:$5,0))) -> 0
A100: 253 | B100: 4- Bağlı Ortaklıklar | C100: =INDIRECT("'Aktif Detay'!"&ADDRESS(IFERROR(MATCH(VLOOKUP($E$3,$BC$3:$BE$140,2,0),'Aktif Detay'!$B:$B,0),MATCH(9003,'Aktif Detay'!$B:$B,0)+1),MATCH(A100,'Aktif Detay'!$5:$5,0))) -> 3.4197652e+10 | D100: 469 | E100: 3- Diğer Borç ve Gider Karşılıkları | F100: =INDIRECT("'Pasif Detay'!"&ADDRESS(IFERROR(MATCH(VLOOKUP($E$3,$BC$3:$BE$140,2,0),'Pasif Detay'!$B:$B,0),MATCH(9003,'Pasif Detay'!$B:$B,0)+1),MATCH(D100,'Pasif Detay'!$5:$5,0))) -> 71142361
A101: 254 | B101: 5- Bağlı Ortaklıklar Sermaye Taahhütleri (-) | C101: =INDIRECT("'Aktif Detay'!"&ADDRESS(IFERROR(MATCH(VLOOKUP($E$3,$BC$3:$BE$140,2,0),'Aktif Detay'!$B:$B,0),MATCH(9003,'Aktif Detay'!$B:$B,0)+1),MATCH(A101,'Aktif Detay'!$5:$5,0))) -> -10000000 | E101: G- Diğer Risklere İlişkin Karşılıklar | F101: =SUM(F102:F103) -> 4.3167621e+09
A102: 255 | B102: 6- Müşterek Yönetime Tabi Teşebbüsler | C102: =INDIRECT("'Aktif Detay'!"&ADDRESS(IFERROR(MATCH(VLOOKUP($E$3,$BC$3:$BE$140,2,0),'Aktif Detay'!$B:$B,0),MATCH(9003,'Aktif Detay'!$B:$B,0)+1),MATCH(A102,'Aktif Detay'!$5:$5,0))) -> 0 | D102: 471 | E102: 1- Kıdem Tazminatı Karşılığı | F102: =INDIRECT("'Pasif Detay'!"&ADDRESS(IFERROR(MATCH(VLOOKUP($E$3,$BC$3:$BE$140,2,0),'Pasif Detay'!$B:$B,0),MATCH(9003,'Pasif Detay'!$B:$B,0)+1),MATCH(D102,'Pasif Detay'!$5:$5,0))) -> 3.5466956e+09
...

Sheet Aktif Detay
A1: BİLANÇO
A2: Aktif Detay
A3: 01.01.2026-30.06.2026
D5: 1 | E5: 10 | F5: 100 | G5: 101 | H5: 102 | I5: 103 | J5: 106 | K5: 109 | L5: 11 | M5: 110 | N5: 111 | O5: 112 | P5: 115 | Q5: 116 | R5: 117 | S5: 118 | T5: 119 | U5: 12 | V5: 120 | W5: 121 | X5: 122 | Y5: 123 | Z5: 124 | AA5: 125 | AB5: 126 | AC5: 127 | AD5: 128 | AE5: 129 | AF5: 13 | AG5: 131 | AH5: 132 | AI5: 133 | AJ5: 134 | AK5: 135 | AL5: 136 | AM5: 137 | AN5: 138 | AO5: 139 | AP5: 14 | AQ5: 141 | AR5: 142 | AS5: 145 | AT5: 146 | AU5: 147 | AV5: 148 | AW5: 149 | AX5: 18 | AY5: 180 | AZ5: 181 | BA5: 183 | BB5: 189 | BC5: 19 | BD5: 192 | BE5: 193 | BF5: 194 | BG5: 195 | BH5: 196 | BI5: 197 | BJ5: 198 | BK5: 199 | BL5: 2 | BM5: 22 | BN5: 220 | BO5: 221 | BP5: 222 | BQ5: 223 | BR5: 224 | BS5: 225 | BT5: 226 | BU5: 227 | BV5: 228 | BW5: 229 | BX5: 23 | BY5: 231 | BZ5: 232 | CA5: 233 | CB5: 234 | CC5: 235 | CD5: 236 | CE5: 237 | CF5: 238 | CG5: 239 | CH5: 24 | CI5: 241 | CJ5: 242 | CK5: 245 | CL5: 246 | CM5: 247 | CN5: 248 | CO5: 249 | CP5: 25 | CQ5: 250 | CR5: 251 | CS5: 252 | CT5: 253 | CU5: 254 | CV5: 255 | CW5: 256 | CX5: 257 | CY5: 258 | CZ5: 259 | DA5: 26 | DB5: 260 | DC5: 261 | DD5: 262 | DE5: 263 | DF5: 264 | DG5: 265 | DH5: 266 | DI5: 267 | DJ5: 268 | DK5: 269 | DL5: 27 | DM5: 270 | DN5: 271 | DO5: 272 | DP5: 273 | DQ5: 277 | DR5: 278 | DS5: 279 | DT5: 28 | DU5: 280 | DV5: 283 | DW5: 289 | DX5: 29 | DY5: 290 | DZ5: 291 | EA5: 292 | EB5: 293 | EC5: 294 | ED5: 297 | EE5: 298 | EF5: 299
A6: Şirket Adı | B6: Şirket Kodu | C6: Şirket Tipi | D6: Cari Varlıklar | E6: Nakit ve Nakit Benzeri Varlıklar | F6: Kasa | G6: Alınan Çekler | H6: Bankalar | I6: Verilen Çekler ve Ödeme Emirleri (-); | J6: Banka Garantili ve Üç Aydan Kısa Vadeli Kredi Kartı Alacakları | K6: Diğer Nakit ve Nakit Benzeri Varlıklar | L6: Finansal Varlıklar ile Riski Sigortalılara Ait Finansal Yatırımlar | M6: Satılmaya Hazır Finansal Varlıklar | N6: Vadeye Kadar Elde Tutulacak Finansal Varlıklar | O6: Alım Satım Amaçlı Finansal Varlıklar | P6: Krediler | Q6: Krediler Karşılığı (-); | R6: Riski Hayat Poliçesi Sahiplerine Ait Finansal Yatırımlar | S6: Şirket Hissesi | T6: Finansal Varlıklar Değer Düşüklüğü Karşılığı (-); | U6: Esas Faaliyetlerden Alacaklar | V6: Sigortacılık Faaliyetlerinden Alacaklar | W6: Sigortacılık Faaliyetlerinden Alacaklar Karşılığı (-); | X6: Reasürans Faaliyetlerinden Alacaklar | Y6: Reasürans Faaliyetlerinden Alacaklar Karşılığı (-); | Z6: Sigorta ve Reasürans Şirketleri Nezdindeki Depolar | AA6: Sigortalılara Krediler (İkrazlar); | AB6: Sigortalılara Krediler (İkrazlar); Karşılığı (-); | AC6: Emeklilik Faaliyetlerinden Alacaklar | AD6: Esas Faaliyetlerden Kaynaklanan Şüpheli Alacaklar | AE6: Esas Faaliyetlerden Kaynaklanan Şüpheli Alacaklar Karşılığı (-); | AF6: İlişkili Taraflardan Alacaklar | AG6: Ortaklardan Alacaklar | AH6: İştiraklerden Alacaklar | AI6: Bağlı Ortaklıklardan Alacaklar | AJ6: Müşterek Yönetime Tabi Teşebbüslerden Alacaklar | AK6: Personelden Alacaklar | AL6: Diğer İlişkili Taraflardan Alacaklar | AM6: İlişkili Taraflardan Alacaklar Reeskontu (-); | AN6: İlişkili Taraflardan Şüpheli Alacaklar | AO6: İlişkili Taraflardan Şüpheli Alacaklar Karşılığı (-); | AP6: Diğer Alacaklar | AQ6: Finansal Kiralama Alacakları | AR6: Kazanılmamış Finansal Kiralama Faiz Gelirleri (-); | AS6: Verilen Depozito ve Teminatlar | AT6: Diğer Çeşitli Alacaklar | AU6: Diğer Çeşitli Alacaklar Reeskontu (-); | AV6: Şüpheli Diğer Alacaklar | AW6: Şüpheli Diğer Alacaklar Karşılığı (-); | AX6: Gelecek Aylara Ait Giderler ve Gelir Tahakkukları | AY6: Gelecek Aylara Ait Giderler ve Gelir Tahakkukları | AZ6: Tahakkuk Etmiş Faiz ve Kira Gelirleri | BA6: Gelir Tahakkukları | BB6: Gelecek Aylara Ait Diğer Giderler ve Gelir Tahakkukları | BC6: Diğer Cari Varlıklar | BD6: Gelecek Aylar İhtiyacı Stoklar | BE6: Peşin Ödenen Vergiler ve Fonlar | BF6: Ertelenmiş Vergi Varlıkları | BG6: İş Avansları | BH6: Personele Verilen Avanslar | BI6: Sayım ve Tesellüm Noksanları | BJ6: Diğer Çeşitli Cari Varlıklar (+/-); | BK6: Diğer Cari Varlıklar Karşılığı (-); | BL6: Cari Olmayan Varlıklar | BM6: Esas Faaliyetlerden Alacaklar | BN6: Sigortacılık Faaliyetlerinden Alacaklar | BO6: Sigortacılık Faaliyetlerinden Alacaklar Karşılığı (-); | BP6: Reasürans Faaliyetlerinden Alacaklar | BQ6: Reasürans Faaliyetlerinden Alacaklar Karşılığı (-); | BR6: Sigorta ve Reasürans Şirketleri Nezdindeki Depolar | BS6: Sigortalılara Krediler (İkrazlar); | BT6: Sigortalılara Krediler (İkrazlar); Karşılığı (-); | BU6: Emeklilik Faaliyetlerinden Alacaklar | BV6: Esas Faaliyetlerden Kaynaklanan Şüpheli Alacaklar | BW6: Esas Faaliyetlerden Kaynaklanan Şüpheli Alacaklar Karşılığı (-); | BX6: İlişkili Taraflardan Alacaklar | BY6: Ortaklardan Alacaklar | BZ6: İştiraklerden Alacaklar | CA6: Bağlı Ortaklıklardan Alacaklar | CB6: Müşterek Yönetime Tabi Teşebbüslerden Alacaklar | CC6: Personelden Alacaklar | CD6: Diğer İlişkili Taraflardan Alacaklar | CE6: İlişkili Taraflardan Alacaklar Reeskontu (-); | CF6: İlişkili Taraflardan Şüpheli Alacaklar | CG6: İlişkili Taraflardan Şüpheli Alacaklar Karşılığı (-); | CH6: Diğer Alacaklar | CI6: Finansal Kiralama Alacakları | CJ6: Kazanılmamış Finansal Kiralama Faiz Gelirleri | CK6: Verilen Depozito ve Teminatlar | CL6: Diğer Çeşitli Alacaklar | CM6: Diğer Çeşitli Alacaklar Reeskontu (-); | CN6: Şüpheli Diğer Alacaklar | CO6: Şüpheli Diğer Alacaklar Karşılığı (-); | CP6: Finansal Varlıklar | CQ6: Bağlı Menkul Kıymetler | CR6: İştirakler | CS6: İştirakler Sermaye Taahhütleri (-); | CT6: Bağlı Ortaklıklar | CU6: Bağlı Ortaklıklar Sermaye Taahhütleri (-); | CV6: Müşterek Yönetime Tabi Teşebbüsler | CW6: Müşterek Yönetime Tabi Teşebbüsler Sermaye Taahhütleri (-); | CX6: Finansal Varlıklar ve Riski Sigortalılara Ait Finansal Yatırımlar | CY6: Diğer Finansal Varlıklar | CZ6: Finansal Varlıklar Değer Düşüklüğü Karşılığı (-); | DA6: Maddi Varlıklar | DB6: Yatırım Amaçlı Gayrimenkuller | DC6: Yatırım Amaçlı Gayrımenkuller Değer Düşüklüğü Karşılığı(-); | DD6: Kullanım Amaçlı Gayrımenkuller | DE6: Makine ve Teçhizatlar | DF6: Demirbaş ve Tesisatlar | DG6: Motorlu Taşıtlar | DH6: Diğer Maddi Varlıklar (Özel Maliyet Bedelleri Dahil); | DI6: Kiralama Yoluyla Edinilmiş Maddi Varlıklar | DJ6: Birikmiş Amortismanlar (-); | DK6: Maddi Varlıklara İlişkin Verilen Avanslar (Yapılmakta Olan Yatırımlar Dahil); | DL6: Maddi Olmayan Varlıklar | DM6: Haklar | DN6: Şerefiye | DO6: Faaliyet Öncesi Döneme Ait Giderler | DP6: Araştırma ve Geliştirme Giderleri | DQ6: Diğer Maddi Olmayan Varlıklar | DR6: Birikmiş İtfalar (Amortismanlar); (-); | DS6: Maddi Olmayan Varlıklara İlişkin Avanslar | DT6: Gelecek Yıllara Ait Giderler ve Gelir Tahakkukları | DU6: Gelecek Yıllara Ait Giderler ve Gelir Tahakkukları | DV6: Gelir Tahakkukları | DW6: Gelecek Yıllara Ait Diğer Giderler ve Gelir Tahakkukları | DX6: Diğer Cari Olmayan Varlıklar | DY6: Efektif Yabancı Para Hesapları | DZ6: Döviz Hesapları | EA6: Gelecek Yıllar İhtiyacı Stoklar | EB6: Peşin Ödenen Vergiler ve Fonlar | EC6: Ertelenmiş Vergi Varlıkları | ED6: Diğer Çeşitli Cari Olmayan Varlıklar | EE6: Diğer Cari Olmayan Varlıklar Amortismanı (-); | EF6: Diğer Cari Olmayan Varlıklar Karşılığı (-);
A7: Chubb European Group SE Merkezi Fransa Türkiye İstanbul Şubesi | B7: 1001 | C7: HD | D7: 4.3957879e+09 | E7: 2.3519865e+09 | F7: 0 | G7: 0 | H7: 2.3519865e+09 | I7: 0 | J7: 0 | K7: 0 | L7: 0 | M7: 0 | N7: 0 | O7: 0 | P7: 0 | Q7: 0 | R7: 0 | S7: 0 | T7: 0 | U7: 1.7422527e+09 | V7: 1.7800069e+09 | W7: -37754191 | X7: 0 | Y7: 0 | Z7: 0 | AA7: 0 | AB7: 0 | AC7: 0 | AD7: 98949835 | AE7: -98949835 | AF7: 0 | AG7: 0 | AH7: 0 | AI7: 0 | AJ7: 0 | AK7: 0 | AL7: 0 | AM7: 0 | AN7: 0 | AO7: 0 | AP7: 10753225 | AQ7: 0 | AR7: 0 | AS7: 3300000 | AT7: 0 | AU7: 7453225 | AV7: 0 | AW7: 0 | AX7: 2.0141114e+08 | AY7: 1.8079024e+08 | AZ7: 4244659.1 | BA7: 0 | BB7: 16376237 | BC7: 89384376 | BD7: 0 | BE7: 89379127 | BF7: 0 | BG7: 5249.47 | BH7: 0 | BI7: 0 | BJ7: 0 | BK7: 0 | BL7: 1.3623502e+08 | BM7: 0 | BN7: 0 | BO7: 0 | BP7: 0 | BQ7: 0 | BR7: 0 | BS7: 0 | BT7: 0 | BU7: 0 | BV7: 0 | BW7: 0 | BX7: 0 | BY7: 0 | BZ7: 0 | CA7: 0 | CB7: 0 | CC7: 0 | CD7: 0 | CE7: 0 | CF7: 0 | CG7: 0 | CH7: 0 | CI7: 0 | CJ7: 0 | CK7: 0 | CL7: 0 | CM7: 0 | CN7: 0 | CO7: 0 | CP7: 0 | CQ7: 0 | CR7: 0 | CS7: 0 | CT7: 0 | CU7: 0 | CV7: 0 | CW7: 0 | CX7: 0 | CY7: 0 | CZ7: 0 | DA7: 79172978 | DB7: 0 | DC7: 0 | DD7: 0 | DE7: 0 | DF7: 26896417 | DG7: 6122433.6 | DH7: 47512843 | DI7: 45389465 | DJ7: -46748182 | DK7: 0 | DL7: 9733.4 | DM7: 40099.3 | DN7: 0 | DO7: 0 | DP7: 0 | DQ7: 0 | DR7: -30365.9 | DS7: 0 | DT7: 0 | DU7: 0 | DV7: 0 | DW7: 0 | DX7: 57052309 | DY7: 0 | DZ7: 0 | EA7: 0 | EB7: 0 | EC7: 57052309 | ED7: 0 | EE7: 0 | EF7: 0
A8: Aksigorta AŞ | B8: 1003 | C8: HD | D8: 3.7466004e+10 | E8: 1.194898e+10 | F8: 0 | G8: 0 | H8: 7.7062153e+09 | I8: 0 | J8: 4.2427649e+09 | K8: 0 | L8: 1.3858727e+10 | M8: 2.7413061e+09 | N8: 7.4962434e+08 | O8: 1.0364376e+10 | P8: 0 | Q8: 0 | R8: 3420935 | S8: 0 | T8: 0 | U8: 6.1730148e+09 | V8: 6.1453426e+09 | W8: -44925285 | X8: 0 | Y8: -12437103 | Z8: 0 | AA8: 0 | AB8: 0 | AC8: 0 | AD8: 1.1015979e+09 | AE8: -1.0165633e+09 | AF8: 0 | AG8: 0 | AH8: 0 | AI8: 0 | AJ8: 0 | AK8: 0 | AL8: 0 | AM8: 0 | AN8: 0 | AO8: 0 | AP8: 58302555 | AQ8: 0 | AR8: 0 | AS8: 3855137.4 | AT8: 54447417 | AU8: 0 | AV8: 0 | AW8: 0 | AX8: 5.1047353e+09 | AY8: 4.4874231e+09 | AZ8: 0 | BA8: 3249113.7 | BB8: 6.1406311e+08 | BC8: 3.2224377e+08 | BD8: 0 | BE8: 3.2063335e+08 | BF8: 0 | BG8: 13986 | BH8: 1596429 | BI8: 0 | BJ8: 0 | BK8: 0 | BL8: 2.6478346e+09 | BM8: 0 | BN8: 0 | BO8: 0 | BP8: 0 | BQ8: 0 | BR8: 0 | BS8: 0 | BT8: 0 | BU8: 0 | BV8: 0 | BW8: 0 | BX8: 0 | BY8: 0 | BZ8: 0 | CA8: 0 | CB8: 0 | CC8: 0 | CD8: 0 | CE8: 0 | CF8: 0 | CG8: 0 | CH8: 0 | CI8: 0 | CJ8: 0 | CK8: 0 | CL8: 0 | CM8: 0 | CN8: 0 | CO8: 0 | CP8: 17094836 | CQ8: 0 | CR8: 17094836 | CS8: 0 | CT8: 0 | CU8: 0 | CV8: 0 | CW8: 0 | CX8: 0 | CY8: 0 | CZ8: 0 | DA8: 6.0430624e+08 | DB8: 0 | DC8: 0 | DD8: 5328.86 | DE8: 0 | DF8: 2.0295315e+08 | DG8: 794892.03 | DH8: 3.4387403e+08 | DI8: 2.6517207e+08 | DJ8: -2.0849322e+08 | DK8: 0 | DL8: 1.171667e+09 | DM8: 1.3815447e+09 | DN8: 0 | DO8: 0 | DP8: 4.258914e+08 | DQ8: 0 | DR8: -6.3576908e+08 | DS8: 0 | DT8: 17851674 | DU8: 0 | DV8: 0 | DW8: 17851674 | DX8: 8.3691486e+08 | DY8: 0 | DZ8: 0 | EA8: 0 | EB8: 0 | EC8: 8.3691486e+08 | ED8: 0 | EE8: 0 | EF8: 0
A9: Allianz Sigorta AŞ | B9: 1004 | C9: HD | D9: 1.7252027e+11 | E9: 8.246623e+10 | F9: 0 | G9: 0 | H9: 6.8367134e+10 | I9: 0 | J9: 1.4093592e+10 | K9: 5503899.6 | L9: 4.0861727e+10 | M9: 3.9428773e+10 | N9: 0 | O9: 1.4329541e+09 | P9: 0 | Q9: 0 | R9: 0 | S9: 0 | T9: 0 | U9: 3.5078144e+10 | V9: 3.4604999e+10 | W9: -1.4984675e+08 | X9: 7.0298907e+08 | Y9: -80281068 | Z9: 136280.85 | AA9: 0 | AB9: 0 | AC9: 0 | AD9: 2.2304019e+09 | AE9: -2.2302551e+09 | AF9: 74167207 | AG9: 0 | AH9: 0 | AI9: 0 | AJ9: 0 | AK9: 0 | AL9: 74167207 | AM9: 0 | AN9: 0 | AO9: 0 | AP9: 1.7698081e+08 | AQ9: 0 | AR9: 0 | AS9: 0 | AT9: 1.7698081e+08 | AU9: 0 | AV9: 6490936.4 | AW9: -6490936.4 | AX9: 1.218222e+10 | AY9: 1.1586449e+10 | AZ9: 16619.25 | BA9: 0 | BB9: 5.9575468e+08 | BC9: 1.6807961e+09 | BD9: 0 | BE9: 1.6699737e+09 | BF9: 0 | BG9: 2992232 | BH9: 7830193.3 | BI9: 0 | BJ9: 0 | BK9: 0 | BL9: 2.3990428e+10 | BM9: 0 | BN9: 0 | BO9: 0 | BP9: 0 | BQ9: 0 | BR9: 0 | BS9: 0 | BT9: 0 | BU9: 0 | BV9: 0 | BW9: 0 | BX9: 0 | BY9: 0 | BZ9: 0 | CA9: 0 | CB9: 0 | CC9: 0 | CD9: 0 | CE9: 0 | CF9: 0 | CG9: 0 | CH9: 385529.71 | CI9: 0 | CJ9: 0 | CK9: 385529.71 | CL9: 0 | CM9: 0 | CN9: 0 | CO9: 0 | CP9: 1.8436745e+10 | CQ9: 0 | CR9: 79149602 | CS9: 0 | CT9: 1.8357596e+10 | CU9: 0 | CV9: 0 | CW9: 0 | CX9: 0 | CY9: 0 | CZ9: 0 | DA9: 2.1631854e+09 | DB9: 5.2510805e+08 | DC9: 0 | DD9: 9.807547e+08 | DE9: 0 | DF9: 9.2680232e+08 | DG9: 780985.4 | DH9: 52367265 | DI9: 2.9255706e+08 | DJ9: -6.4971626e+08 | DK9: 34531303 | DL9: 1.3602913e+09 | DM9: 1.4831009e+09 | DN9: 0 | DO9: 0 | DP9: 0 | DQ9: 0 | DR9: -6.8152029e+08 | DS9: 5.5871063e+08 | DT9: 63102545 | DU9: 0 | DV9: 0 | DW9: 63102545 | DX9: 1.9667177e+09 | DY9: 0 | DZ9: 0 | EA9: 0 | EB9: 0 | EC9: 1.9667177e+09 | ED9: 0 | EE9: 0 | EF9: 0
A10: Anadolu Anonim Türk Sigorta Şirketi | B10: 1005 | C10: HD | D10: 1.3950934e+11 | E10: 3.8872587e+10 | F10: 251923.29 | G10: 0 | H10: 2.8029228e+10 | I10: -6311.09 | J10: 1.0843114e+10 | K10: 0 | L10: 6.0995842e+10 | M10: 3.0640487e+10 | N10: 0 | O10: 3.0355355e+10 | P10: 0 | Q10: 0 | R10: 0 | S10: 0 | T10: 0 | U10: 2.7211597e+10 | V10: 2.0745786e+10 | W10: -3.8231963e+08 | X10: 3.6255076e+09 | Y10: 0 | Z10: 3.2226233e+09 | AA10: 0 | AB10: 0 | AC10: 0 | AD10: 3.5813247e+09 | AE10: -3.5813247e+09 | AF10: 0 | AG10: 0 | AH10: 0 | AI10: 0 | AJ10: 0 | AK10: 0 | AL10: 0 | AM10: 0 | AN10: 0 | AO10: 0 | AP10: 8.779279e+08 | AQ10: 0 | AR10: 0 | AS10: 0 | AT10: 8.779279e+08 | AU10: 0 | AV10: 0 | AW10: 0 | AX10: 1.0480458e+10 | AY10: 1.0473124e+10 | AZ10: 0 | BA10: 5915310.5 | BB10: 1418943.6 | BC10: 1.0709242e+09 | BD10: 7188318.1 | BE10: 0 | BF10: 0 | BG10: 1.0611067e+09 | BH10: 2629221.1 | BI10: 0 | BJ10: 1e-05 | BK10: 0 | BL10: 1.1824725e+10 | BM10: 0 | BN10: 0 | BO10: 0 | BP10: 0 | BQ10: 0 | BR10: 0 | BS10: 0 | BT10: 0 | BU10: 0 | BV10: 0 | BW10: 0 | BX10: 0 | BY10: 0 | BZ10: 0 | CA10: 0 | CB10: 0 | CC10: 0 | CD10: 0 | CE10: 0 | CF10: 0 | CG10: 0 | CH10: 552554.61 | CI10: 0 | CJ10: 0 | CK10: 324554.61 | CL10: 228000 | CM10: 0 | CN10: 0 | CO10: 0 | CP10: 8849400000 | CQ10: 0 | CR10: 8849400000 | CS10: 0 | CT10: 0 | CU10: 0 | CV10: 0 | CW10: 0 | CX10: 0 | CY10: 0 | CZ10: 0 | DA10: 1.5148686e+09 | DB10: 856337000 | DC10: 0 | DD10: 166171600 | DE10: 4.0661125e+08 | DF10: 43735232 | DG10: 96463430 | DH10: 67804868 | DI10: 3.7997787e+08 | DJ10: -5.022326e+08 | DK10: 0 | DL10: 1.0918173e+09 | DM10: 142 | DN10: 16250000 | DO10: 0 | DP10: 86866491 | DQ10: 9.1955016e+08 | DR10: -6.5589886e+08 | DS10: 7.2504932e+08 | DT10: 1.047453e+08 | DU10: 1.047453e+08 | DV10: 0 | DW10: 0 | DX10: 263340929 | DY10: 0 | DZ10: 0 | EA10: 0 | EB10: 0 | EC10: 263340929 | ED10: 0 | EE10: 0 | EF10: 0
A11: Ankara Anonim Türk Sigorta Şirketi | B11: 1006 | C11: HD | D11: 2.786742e+10 | E11: 1.7205316e+10 | F11: 0 | G11: 0 | H11: 1.3214205e+10 | I11: 0 | J11: 3.9911115e+09 | K11: 0 | L11: 6.1452956e+09 | M11: 0 | N11: 1.2800286e+09 | O11: 4.865267e+09 | P11: 0 | Q11: 0 | R11: 0 | S11: 0 | T11: 0 | U11: 2.5346077e+09 | V11: 2.541821e+09 | W11: -8303424.2 | X11: 0 | Y11: 0 | Z11: 0 | AA11: 0 | AB11: 0 | AC11: 0 | AD11: 7.5611973e+08 | AE11: -7.5502956e+08 | AF11: 2186171.2 | AG11: 314660 | AH11: 0 | AI11: 0 | AJ11: 0 | AK11: -0.52 | AL11: 1871511.7 | AM11: 0 | AN11: 0 | AO11: 0 | AP11: 1672585 | AQ11: 0 | AR11: 0 | AS11: 810199.07 | AT11: 862385.95 | AU11: 0 | AV11: 0 | AW11: 0 | AX11: 1.4523094e+09 | AY11: 1.3387457e+09 | AZ11: 0 | BA11: 0 | BB11: 1.1356369e+08 | BC11: 5.2603231e+08 | BD11: 0 | BE11: 5.1820727e+08 | BF11: 0 | BG11: 708277.27 | BH11: 0 | BI11: 0 | BJ11: 7116766.8 | BK11: 0 | BL11: 1.9246251e+09 | BM11: 0 | BN11: 0 | BO11: 0 | BP11: 0 | BQ11: 0 | BR11: 0 | BS11: 0 | BT11: 0 | BU11: 0 | BV11: 0 | BW11: 0 | BX11: 0 | BY11: 0 | BZ11: 0 | CA11: 0 | CB11: 0 | CC11: 0 | CD11: 0 | CE11: 0 | CF11: 0 | CG11: 0 | CH11: 189769.37 | CI11: 0 | CJ11: 0 | CK11: 189769.37 | CL11: 0 | CM11: 0 | CN11: 0 | CO11: 0 | CP11: 29757356 | CQ11: 10238660 | CR11: 20000000 | CS11: 0 | CT11: 0 | CU11: 0 | CV11: 0 | CW11: 0 | CX11: 0 | CY11: 0 | CZ11: -481304.27 | DA11: 1.3543795e+09 | DB11: 21605000 | DC11: 0 | DD11: 1.3229323e+09 | DE11: 0 | DF11: 30890811 | DG11: 56692896 | DH11: 2390821 | DI11: 1634922.7 | DJ11: -84417185 | DK11: 2650000 | DL11: 14514675 | DM11: 38108320 | DN11: 0 | DO11: 0 | DP11: 0 | DQ11: 0 | DR11: -23593645 | DS11: 0 | DT11: 0 | DU11: 0 | DV11: 0 | DW11: 0 | DX11: 5.2578379e+08 | DY11: 0 | DZ11: 0 | EA11: 0 | EB11: 0 | EC11: 5.2578379e+08 | ED11: 0 | EE11: 0 | EF11: 0
A12: Atradius Crédito y Caución S.A. de Seguros y Reaseguros, İstanbul Şubesi | B12: 1007 | C12: HD | D12: 1.4992056e+09 | E12: 7.9451428e+08 | F12: 0 | G12: 0 | H12: 7.9451428e+08 | I12: 0 | J12: 0 | K12: 0 | L12: 0 | M12: 0 | N12: 0 | O12: 0 | P12: 0 | Q12: 0 | R12: 0 | S12: 0 | T12: 0 | U12: 5.910541e+08 | V12: 5.910541e+08 | W12: 0 | X12: 0 | Y12: 0 | Z12: 0 | AA12: 0 | AB12: 0 | AC12: 0 | AD12: 943412 | AE12: -943412 | AF12: 16309056 | AG12: 0 | AH12: 0 | AI12: 0 | AJ12: 0 | AK12: 333297.62 | AL12: 15975759 | AM12: 0 | AN12: 0 | AO12: 0 | AP12: 28963.25 | AQ12: 0 | AR12: 0 | AS12: 0 | AT12: 28963.25 | AU12: 0 | AV12: 0 | AW12: 0 | AX12: 77429480 | AY12: 65595624 | AZ12: 0 | BA12: 0 | BB12: 11833856 | BC12: 19869727 | BD12: 0 | BE12: 19869727 | BF12: 0 | BG12: 0 | BH12: 0 | BI12: 0 | BJ12: 0 | BK12: 0 | BL12: 1.9353974e+08 | BM12: 61831792 | BN12: 61831792 | BO12: 0 | BP12: 0 | BQ12: 0 | BR12: 0 | BS12: 0 | BT12: 0 | BU12: 0 | BV12: 0 | BW12: 0 | BX12: 8044089.9 | BY12: 8044089.9 | BZ12: 0 | CA12: 0 | CB12: 0 | CC12: 0 | CD12: 0 | CE12: 0 | CF12: 0 | CG12: 0 | CH12: 0 | CI12: 0 | CJ12: 0 | CK12: 0 | CL12: 0 | CM12: 0 | CN12: 0 | CO12: 0 | CP12: 0 | CQ12: 0 | CR12: 0 | CS12: 0 | CT12: 0 | CU12: 0 | CV12: 0 | CW12: 0 | CX12: 0 | CY12: 0 | CZ12: 0 | DA12: 22478008 | DB12: 0 | DC12: 0 | DD12: 0 | DE12: 0 | DF12: 9269895.5 | DG12: 0 | DH12: 0 | DI12: 42631436 | DJ12: -29423323 | DK12: 0 | DL12: 0 | DM12: 0 | DN12: 0 | DO12: 0 | DP12: 0 | DQ12: 235635.56 | DR12: -235635.56 | DS12: 0 | DT12: 12863584 | DU12: 12863584 | DV12: 0 | DW12: 0 | DX12: 88322267 | DY12: 0 | DZ12: 0 | EA12: 0 | EB12: 0 | EC12: 88322267 | ED12: 0 | EE12: 0 | EF12: 0
A13: Unico Sigorta AŞ | B13: 1008 | C13: HD | D13: 2.8194336e+10 | E13: 1.3201421e+10 | F13: 0 | G13: 0 | H13: 1.3056162e+10 | I13: 0 | J13: 1.4525944e+08 | K13: 0 | L13: 8.6439142e+09 | M13: 3.3112256e+09 | N13: 1.3632073e+09 | O13: 3.9694813e+09 | P13: 0 | Q13: 0 | R13: 0 | S13: 0 | T13: 0 | U13: 2.9193832e+09 | V13: 3.0722643e+09 | W13: -1.5288109e+08 | X13: 0 | Y13: 0 | Z13: 0 | AA13: 0 | AB13: 0 | AC13: 0 | AD13: 7.8863535e+08 | AE13: -7.8863535e+08 | AF13: 0 | AG13: 0 | AH13: 0 | AI13: 0 | AJ13: 0 | AK13: 0 | AL13: 0 | AM13: 0 | AN13: 0 | AO13: 0 | AP13: 60303342 | AQ13: 0 | AR13: 0 | AS13: 5960857.4 | AT13: 57895501 | AU13: -3553016.5 | AV13: 0 | AW13: 0 | AX13: 2.5457683e+09 | AY13: 1.7691258e+09 | AZ13: 0 | BA13: 0 | BB13: 7.7664258e+08 | BC13: 8.2354528e+08 | BD13: 0 | BE13: 7.6180854e+08 | BF13: 0 | BG13: 60813031 | BH13: 923710.72 | BI13: 0 | BJ13: 0 | BK13: 0 | BL13: 4.6477041e+09 | BM13: 0 | BN13: 0 | BO13: 0 | BP13: 0 | BQ13: 0 | BR13: 0 | BS13: 0 | BT13: 0 | BU13: 0 | BV13: 0 | BW13: 0 | BX13: 0 | BY13: 0 | BZ13: 0 | CA13: 0 | CB13: 0 | CC13: 0 | CD13: 0 | CE13: 0 | CF13: 0 | CG13: 0 | CH13: 50000 | CI13: 0 | CJ13: 0 | CK13: 50000 | CL13: 0 | CM13: 0 | CN13: 0 | CO13: 0 | CP13: 16651655 | CQ13: 16651655 | CR13: 0 | CS13: 0 | CT13: 0 | CU13: 0 | CV13: 0 | CW13: 0 | CX13: 0 | CY13: 0 | CZ13: 0 | DA13: 4.1254977e+09 | DB13: 3925570000 | DC13: 0 | DD13: 0 | DE13: 0 | DF13: 81241328 | DG13: 11693046 | DH13: 15162031 | DI13: 2.2078778e+08 | DJ13: -1.2895644e+08 | DK13: 0 | DL13: 2.9295378e+08 | DM13: 89246554 | DN13: 0 | DO13: 0 | DP13: 2.6988059e+08 | DQ13: 0 | DR13: -66173367 | DS13: 0 | DT13: 0 | DU13: 0 | DV13: 0 | DW13: 0 | DX13: 2.1255097e+08 | DY13: 0 | DZ13: 0 | EA13: 0 | EB13: 0 | EC13: 2.1255097e+08 | ED13: 0 | EE13: 0 | EF13: 0
A14: Axa Sigorta AŞ | B14: 1009 | C14: HD | D14: 1.3150271e+11 | E14: 3.1841853e+10 | F14: 0 | G14: 0 | H14: 1.8738426e+10 | I14: 0.1 | J14: 1.3103428e+10 | K14: 0 | L14: 54882147208 | M14: 4.0377565e+10 | N14: 1.4506582e+10 | O14: 0 | P14: 0 | Q14: 0 | R14: 0 | S14: 0 | T14: -2000000 | U14: 2.9988149e+10 | V14: 2.778292e+10 | W14: -5.0686494e+08 | X14: 0 | Y14: 0 | Z14: 2.7120944e+09 | AA14: 0 | AB14: 0 | AC14: 0 | AD14: 3.3560762e+09 | AE14: -3.3560762e+09 | AF14: 348425.38 | AG14: 0 | AH14: 0 | AI14: 0 | AJ14: 0 | AK14: 0 | AL14: 348425.38 | AM14: 0 | AN14: 0 | AO14: 0 | AP14: 1.3003083e+09 | AQ14: 0 | AR14: 0 | AS14: 2463688.8 | AT14: 1.2978446e+09 | AU14: 0 | AV14: 128924.89 | AW14: -128924.89 | AX14: 1.3052836e+10 | AY14: 9.0370235e+09 | AZ14: 0 | BA14: 40064744 | BB14: 3.9757474e+09 | BC14: 4.3706622e+08 | BD14: 95441303 | BE14: 3.4120601e+08 | BF14: 0 | BG14: 0 | BH14: 418909.49 | BI14: 0 | BJ14: 0 | BK14: 0 | BL14: 2.7048193e+09 | BM14: 0 | BN14: 0 | BO14: 0 | BP14: 0 | BQ14: 0 | BR14: 0 | BS14: 0 | BT14: 0 | BU14: 0 | BV14: 0 | BW14: 0 | BX14: 0 | BY14: 0 | BZ14: 0 | CA14: 0 | CB14: 0 | CC14: 0 | CD14: 0 | CE14: 0 | CF14: 0 | CG14: 0 | CH14: 0 | CI14: 0 | CJ14: 0 | CK14: 0 | CL14: 0 | CM14: 0 | CN14: 0 | CO14: 0 | CP14: 17262968 | CQ14: 17262968 | CR14: 0 | CS14: 0 | CT14: 0 | CU14: 0 | CV14: 0 | CW14: 0 | CX14: 0 | CY14: 0 | CZ14: 0 | DA14: 1.1779791e+09 | DB14: 5.100684e+08 | DC14: 0 | DD14: 54993766 | DE14: 0 | DF14: 4.5664951e+08 | DG14: 70886863 | DH14: 26470005 | DI14: 2.5826027e+08 | DJ14: -4.6571734e+08 | DK14: 2.6636762e+08 | DL14: 1.061127e+09 | DM14: 1.8323254e+09 | DN14: 2.2724129e+08 | DO14: 0 | DP14: 0 | DQ14: 2801468 | DR14: -1.0012411e+09 | DS14: 0 | DT14: 0 | DU14: 0 | DV14: 0 | DW14: 0 | DX14: 4.4845023e+08 | DY14: 0 | DZ14: 0 | EA14: 0 | EB14: 0 | EC14: 4.4845023e+08 | ED14: 0 | EE14: 0 | EF14: 0
A15: BNP Paribas Cardif Sigorta AŞ | B15: 1010 | C15: HD | D15: 7.8883816e+09 | E15: 3.3896503e+09 | F15: 0 | G15: 0 | H15: 3.3605842e+09 | I15: 0 | J15: 29066035 | K15: 0 | L15: 3.2850177e+09 | M15: 4.4041404e+08 | N15: 0 | O15: 2.8446036e+09 | P15: 0 | Q15: 0 | R15: 0 | S15: 0 | T15: 0 | U15: 4.6276257e+08 | V15: 4.6254299e+08 | W15: 0 | X15: 219574.25 | Y15: 0 | Z15: 0 | AA15: 0 | AB15: 0 | AC15: 0 | AD15: 0 | AE15: 0 | AF15: 0 | AG15: 0 | AH15: 0 | AI15: 0 | AJ15: 0 | AK15: 0 | AL15: 0 | AM15: 0 | AN15: 0 | AO15: 0 | AP15: 0 | AQ15: 0 | AR15: 0 | AS15: 0 | AT15: 0 | AU15: 0 | AV15: 0 | AW15: 0 | AX15: 7.5097189e+08 | AY15: 7.2503172e+08 | AZ15: 0 | BA15: 0 | BB15: 25940177 | BC15: -20763.79 | BD15: 0 | BE15: 0 | BF15: 0 | BG15: 0 | BH15: 0 | BI15: 0 | BJ15: -20763.79 | BK15: 0 | BL15: 5.5106083e+09 | BM15: 0 | BN15: 0 | BO15: 0 | BP15: 0 | BQ15: 0 | BR15: 0 | BS15: 0 | BT15: 0 | BU15: 0 | BV15: 0 | BW15: 0 | BX15: 0 | BY15: 0 | BZ15: 0 | CA15: 0 | CB15: 0 | CC15: 0 | CD15: 0 | CE15: 0 | CF15: 0 | CG15: 0 | CH15: 0 | CI15: 0 | CJ15: 0 | CK15: 0 | CL15: 0 | CM15: 0 | CN15: 0 | CO15: 0 | CP15: 0 | CQ15: 0 | CR15: 0 | CS15: 0 | CT15: 0 | CU15: 0 | CV15: 0 | CW15: 0 | CX15: 0 | CY15: 0 | CZ15: 0 | DA15: 23339282 | DB15: 0 | DC15: 0 | DD15: 0 | DE15: 0 | DF15: 36614124 | DG15: 0 | DH15: 617504.61 | DI15: 18974456 | DJ15: -32866802 | DK15: 0 | DL15: 94570717 | DM15: 1.5874951e+08 | DN15: 0 | DO15: 0 | DP15: 0 | DQ15: 0 | DR15: -64178793 | DS15: 0 | DT15: 5.3589169e+09 | DU15: 5.3589169e+09 | DV15: 0 | DW15: 0.01 | DX15: 33781425 | DY15: 0 | DZ15: 0 | EA15: 0 | EB15: 0 | EC15: 33781425 | ED15: 0 | EE15: 0 | EF15: 0
A16: Coface Sigorta AŞ | B16: 1011 | C16: HD | D16: 1.7614077e+09 | E16: 6.6890541e+08 | F16: 22.12 | G16: 0 | H16: 6.6890539e+08 | I16: 0 | J16: 0 | K16: 0 | L16: 0 | M16: 0 | N16: 0 | O16: 0 | P16: 0 | Q16: 0 | R16: 0 | S16: 0 | T16: 0 | U16: 8.7057473e+08 | V16: 9.1660184e+08 | W16: -47257341 | X16: 1230233.7 | Y16: 0 | Z16: 0 | AA16: 0 | AB16: 0 | AC16: 0 | AD16: 16439277 | AE16: -16439277 | AF16: 7612486.9 | AG16: 0 | AH16: 0 | AI16: 0 | AJ16: 0 | AK16: 63.64 | AL16: 7612423.3 | AM16: 0 | AN16: 0 | AO16: 0 | AP16: 4001411.1 | AQ16: 0 | AR16: 0 | AS16: 187736 | AT16: 3813675.1 | AU16: 0 | AV16: 0 | AW16: 0 | AX16: 1.9420005e+08 | AY16: 1.6394278e+08 | AZ16: 0 | BA16: 25106205 | BB16: 5151069 | BC16: 16113578 | BD16: 0 | BE16: 16113578 | BF16: 0 | BG16: -0.37 | BH16: 0 | BI16: 0 | BJ16: 0 | BK16: 0 | BL16: 3.5594331e+08 | BM16: 175585203 | BN16: 175585203 | BO16: 0 | BP16: 0 | BQ16: 0 | BR16: 0 | BS16: 0 | BT16: 0 | BU16: 0 | BV16: 0 | BW16: 0 | BX16: 0 | BY16: 0 | BZ16: 0 | CA16: 0 | CB16: 0 | CC16: 0 | CD16: 0 | CE16: 0 | CF16: 0 | CG16: 0 | CH16: 0 | CI16: 0 | CJ16: 0 | CK16: 0 | CL16: 0 | CM16: 0 | CN16: 0 | CO16: 0 | CP16: 0 | CQ16: 0 | CR16: 0 | CS16: 0 | CT16: 0 | CU16: 0 | CV16: 0 | CW16: 0 | CX16: 0 | CY16: 0 | CZ16: 0 | DA16: 28790565 | DB16: 0 | DC16: 0 | DD16: 0 | DE16: 0 | DF16: 11076951 | DG16: 0 | DH16: 0 | DI16: 56031561 | DJ16: -38317947 | DK16: 0 | DL16: 6255841.2 | DM16: 0 | DN16: 0 | DO16: 0 | DP16: 0 | DQ16: 15737724 | DR16: -9481883 | DS16: 0 | DT16: 36944153 | DU16: 36944153 | DV16: 0 | DW16: 0 | DX16: 108367548 | DY16: 0 | DZ16: 0 | EA16: 0 | EB16: 0 | EC16: 108367548 | ED16: 0 | EE16: 0 | EF16: 0
A17: Corpus Sigorta AŞ | B17: 1012 | C17: HD | D17: 1.759045e+10 | E17: 9.7434663e+09 | F17: 0 | G17: 0 | H17: 9.2544601e+09 | I17: 0 | J17: 4.8900617e+08 | K17: 0 | L17: 5.0267871e+09 | M17: 0 | N17: 0 | O17: 5.0267871e+09 | P17: 0 | Q17: 0 | R17: 0 | S17: 0 | T17: 0 | U17: 1.772391e+09 | V17: 1.9703778e+09 | W17: -1.9798674e+08 | X17: 0 | Y17: 0 | Z17: 0 | AA17: 0 | AB17: 0 | AC17: 0 | AD17: 1.0715331e+08 | AE17: -1.0715331e+08 | AF17: 0 | AG17: 0 | AH17: 0 | AI17: 0 | AJ17: 0 | AK17: 0 | AL17: 0 | AM17: 0 | AN17: 0 | AO17: 0 | AP17: 35897023 | AQ17: 0 | AR17: 0 | AS17: 31318303 | AT17: 4578719.9 | AU17: 0 | AV17: 0 | AW17: 0 | AX17: 1.0118809e+09 | AY17: 7.1232191e+08 | AZ17: 0 | BA17: 0 | BB17: 2.9955896e+08 | BC17: 28187.83 | BD17: 0 | BE17: 0 | BF17: 0 | BG17: 0.47 | BH17: 28187.36 | BI17: 0 | BJ17: 0 | BK17: 0 | BL17: 1.8591636e+09 | BM17: 0 | BN17: 0 | BO17: 0 | BP17: 0 | BQ17: 0 | BR17: 0 | BS17: 0 | BT17: 0 | BU17: 0 | BV17: 0 | BW17: 0 | BX17: 0 | BY17: 0 | BZ17: 0 | CA17: 0 | CB17: 0 | CC17: 0 | CD17: 0 | CE17: 0 | CF17: 0 | CG17: 0 | CH17: 12091.52 | CI17: 0 | CJ17: 0 | CK17: 12091.52 | CL17: 0 | CM17: 0 | CN17: 0 | CO17: 0 | CP17: 1.6661083e+09 | CQ17: 63188816 | CR17: 1.6029195e+09 | CS17: 0 | CT17: 0 | CU17: 0 | CV17: 0 | CW17: 0 | CX17: 0 | CY17: 0 | CZ17: 0 | DA17: 30789211 | DB17: 0 | DC17: 0 | DD17: 0 | DE17: 0 | DF17: 18524326 | DG17: 19908087 | DH17: 15894448 | DI17: 72614698 | DJ17: -96152348 | DK17: 0 | DL17: 1.6225402e+08 | DM17: 2.5600842e+08 | DN17: 0 | DO17: 0 | DP17: 0 | DQ17: 0 | DR17: -93754406 | DS17: 0 | DT17: 0 | DU17: 0 | DV17: 0 | DW17: 0 | DX17: 0 | DY17: 0 | DZ17: 0 | EA17: 0 | EB17: 0 | EC17: 0 | ED17: 0 | EE17: 0 | EF17: 0
A18: VHV Allgemeine Sigorta AŞ | B18: 1013 | C18: HD | D18: 2.9195282e+09 | E18: 1.3214067e+09 | F18: 0 | G18: 0 | H18: 1.1968222e+09 | I18: 0 | J18: 1.2458446e+08 | K18: 0 | L18: 58102881 | M18: 0 | N18: 58102881 | O18: 0 | P18: 0 | Q18: 0 | R18: 0 | S18: 0 | T18: 0 | U18: 1.0738319e+09 | V18: 9.1935915e+08 | W18: -80339.38 | X18: 1.542531e+08 | Y18: 0 | Z18: 0 | AA18: 0 | AB18: 0 | AC18: 0 | AD18: 1.6373727e+08 | AE18: -1.6343727e+08 | AF18: 0 | AG18: 0 | AH18: 0 | AI18: 0 | AJ18: 0 | AK18: 0 | AL18: 0 | AM18: 0 | AN18: 0 | AO18: 0 | AP18: 0 | AQ18: 0 | AR18: 0 | AS18: 0 | AT18: 0 | AU18: 0 | AV18: 0 | AW18: 0 | AX18: 4.220398e+08 | AY18: 2.5109452e+08 | AZ18: 0 | BA18: 0 | BB18: 170945280 | BC18: 44146985 | BD18: 0 | BE18: 42588215 | BF18: 0 | BG18: 1558769.7 | BH18: 0 | BI18: 0 | BJ18: 0 | BK18: 0 | BL18: 1.4618596e+08 | BM18: 0 | BN18: 0 | BO18: 0 | BP18: 0 | BQ18: 0 | BR18: 0 | BS18: 0 | BT18: 0 | BU18: 0 | BV18: 0 | BW18: 0 | BX18: 0 | BY18: 0 | BZ18: 0 | CA18: 0 | CB18: 0 | CC18: 0 | CD18: 0 | CE18: 0 | CF18: 0 | CG18: 0 | CH18: 1962718.2 | CI18: 0 | CJ18: 0 | CK18: 1962718.2 | CL18: 0 | CM18: 0 | CN18: 0 | CO18: 0 | CP18: 0 | CQ18: 0 | CR18: 0 | CS18: 0 | CT18: 0 | CU18: 0 | CV18: 0 | CW18: 0 | CX18: 0 | CY18: 0 | CZ18: 0 | DA18: 50970302 | DB18: 0 | DC18: 0 | DD18: 0 | DE18: 3829213.7 | DF18: 4733921.6 | DG18: 0 | DH18: 35918654 | DI18: 65643282 | DJ18: -59154769 | DK18: 0 | DL18: 16335358 | DM18: 29969214 | DN18: 0 | DO18: 0 | DP18: 0 | DQ18: 0 | DR18: -13633857 | DS18: 0 | DT18: 0 | DU18: 0 | DV18: 0 | DW18: 0 | DX18: 76917586 | DY18: 0 | DZ18: 0 | EA18: 0 | EB18: 0 | EC18: 76917586 | ED18: 0 | EE18: 0 | EF18: 0
... A81: TOPLAM (HAYAT DIŞI ŞİRKETLER+HAYAT VE EMEKLİLİK ŞİRKETLERİ) | B81: 9003 | C81: T (HD+H+E) | D81: 2.2452939e+12 | E81: 5.850349e+11 | F81: 5585763.2 | G81: 35070126 | H81: 4.67103e+11 | I81: -6310.97 | J81: 1.148111e+11 | K81: 3.0801448e+09 | L81: 8.0241602e+11 | M81: 3.3222796e+11 | N81: 6.9567248e+10 | O81: 2.7089864e+11 | P81: 1.5446905e+09 | Q81: 0 | R81: 1.2818281e+11 | S81: 0 | T81: -5327818 | U81: 6.9324991e+11 | V81: 2.6208064e+11 | W81: -3.9173953e+09 | X81: 1.497758e+10 | Y81: -92718171 | Z81: 5.9348539e+09 | AA81: 4.6638748e+09 | AB81: 0 | AC81: 4.0940422e+11 | AD81: 2.8340856e+10 | AE81: -2.8142e+10 | AF81: 6.6700859e+08 | AG81: 47598423 | AH81: 2.2090569e+08 | AI81: 57216873 | AJ81: 39118576 | AK81: 19016184 | AL81: 2.8315285e+08 | AM81: 0 | AN81: 1551278.1 | AO81: -1551278.1 | AP81: 1.3845075e+10 | AQ81: 0 | AR81: 0 | AS81: 1.1825344e+09 | AT81: 1.3005343e+10 | AU81: -3.6865303e+08 | AV81: 1.1896889e+08 | AW81: -93118227 | AX81: 1.387912e+11 | AY81: 1.1937675e+11 | AZ81: 38277758 | BA81: 2.4898737e+09 | BB81: 1.6886298e+10 | BC81: 1.1289809e+10 | BD81: 1.0860152e+08 | BE81: 8.1286187e+09 | BF81: 0.05 | BG81: 2.559637e+09 | BH81: 3.2110338e+08 | BI81: 27311.27 | BJ81: 1.8945286e+08 | BK81: -17631484 | BL81: 2.1362742e+12 | BM81: 2.0030238e+12 | BN81: 6.329426e+08 | BO81: 0 | BP81: 0 | BQ81: 0 | BR81: 0 | BS81: 8.3885586e+08 | BT81: 0 | BU81: 2.0015519e+12 | BV81: 9.4534813e+08 | BW81: -9.4524307e+08 | BX81: 8044089.9 | BY81: 8044089.9 | BZ81: 0 | CA81: 0 | CB81: 0 | CC81: 0 | CD81: 0 | CE81: 0 | CF81: 0 | CG81: 0 | CH81: 6.8589789e+08 | CI81: 0 | CJ81: 0 | CK81: 6.8566989e+08 | CL81: 228000 | CM81: 0 | CN81: 1620487.7 | CO81: -1620487.7 | CP81: 5.9786746e+10 | CQ81: 3.6615823e+09 | CR81: 2.1916577e+10 | CS81: 0 | CT81: 3.4197652e+10 | CU81: -10000000 | CV81: 0 | CW81: 0 | CX81: 0 | CY81: 44753917 | CZ81: -23819127 | DA81: 3.08256e+10 | DB81: 1.1270205e+10 | DC81: -115493.53 | DD81: 8.0962363e+09 | DE81: 1.5778607e+09 | DF81: 4.8112597e+09 | DG81: 3.0542049e+09 | DH81: 2.3523325e+09 | DI81: 7.5371469e+09 | DJ81: -8.2885827e+09 | DK81: 4.1505224e+08 | DL81: 1.690734e+10 | DM81: 1.3608234e+10 | DN81: 4.9348298e+08 | DO81: 0 | DP81: 1.7508629e+09 | DQ81: 8.5299026e+09 | DR81: -1.053915e+10 | DS81: 3.0640075e+09 | DT81: 8.046542e+09 | DU81: 6.1365868e+09 | DV81: 0 | DW81: 1.9099553e+09 | DX81: 1.6990259e+10 | DY81: 0 | DZ81: 0 | EA81: 0 | EB81: 0 | EC81: 1.6858592e+10 | ED81: 1.316671e+08 | EE81: 0 | EF81: 0
A82: TOPLAM (HAYAT DIŞI ŞİRKETLER+HAYAT VE EMEKLİLİK ŞİRKETLERİ+REASÜRANS ŞİRKETLERİ) | C82: T (HD+H+E+R) | D82: 2.2452939e+12 | E82: 5.850349e+11 | F82: 5585763.2 | G82: 35070126 | H82: 4.67103e+11 | I82: -6310.97 | J82: 1.148111e+11 | K82: 3.0801448e+09 | L82: 8.0241602e+11 | M82: 3.3222796e+11 | N82: 6.9567248e+10 | O82: 2.7089864e+11 | P82: 1.5446905e+09 | Q82: 0 | R82: 1.2818281e+11 | S82: 0 | T82: -5327818 | U82: 6.9324991e+11 | V82: 2.6208064e+11 | W82: -3.9173953e+09 | X82: 1.497758e+10 | Y82: -92718171 | Z82: 5.9348539e+09 | AA82: 4.6638748e+09 | AB82: 0 | AC82: 4.0940422e+11 | AD82: 2.8340856e+10 | AE82: -2.8142e+10 | AF82: 6.6700859e+08 | AG82: 47598423 | AH82: 2.2090569e+08 | AI82: 57216873 | AJ82: 39118576 | AK82: 19016184 | AL82: 2.8315285e+08 | AM82: 0 | AN82: 1551278.1 | AO82: -1551278.1 | AP82: 1.3845075e+10 | AQ82: 0 | AR82: 0 | AS82: 1.1825344e+09 | AT82: 1.3005343e+10 | AU82: -3.6865303e+08 | AV82: 1.1896889e+08 | AW82: -93118227 | AX82: 1.387912e+11 | AY82: 1.1937675e+11 | AZ82: 38277758 | BA82: 2.4898737e+09 | BB82: 1.6886298e+10 | BC82: 1.1289809e+10 | BD82: 1.0860152e+08 | BE82: 8.1286187e+09 | BF82: 0.05 | BG82: 2.559637e+09 | BH82: 3.2110338e+08 | BI82: 27311.27 | BJ82: 1.8945286e+08 | BK82: -17631484 | BL82: 2.1362742e+12 | BM82: 2.0030238e+12 | BN82: 6.329426e+08 | BO82: 0 | BP82: 0 | BQ82: 0 | BR82: 0 | BS82: 8.3885586e+08 | BT82: 0 | BU82: 2.0015519e+12 | BV82: 9.4534813e+08 | BW82: -9.4524307e+08 | BX82: 8044089.9 | BY82: 8044089.9 | BZ82: 0 | CA82: 0 | CB82: 0 | CC82: 0 | CD82: 0 | CE82: 0 | CF82: 0 | CG82: 0 | CH82: 6.8589789e+08 | CI82: 0 | CJ82: 0 | CK82: 6.8566989e+08 | CL82: 228000 | CM82: 0 | CN82: 1620487.7 | CO82: -1620487.7 | CP82: 5.9786746e+10 | CQ82: 3.6615823e+09 | CR82: 2.1916577e+10 | CS82: 0 | CT82: 3.4197652e+10 | CU82: -10000000 | CV82: 0 | CW82: 0 | CX82: 0 | CY82: 44753917 | CZ82: -23819127 | DA82: 3.08256e+10 | DB82: 1.1270205e+10 | DC82: -115493.53 | DD82: 8.0962363e+09 | DE82: 1.5778607e+09 | DF82: 4.8112597e+09 | DG82: 3.0542049e+09 | DH82: 2.3523325e+09 | DI82: 7.5371469e+09 | DJ82: -8.2885827e+09 | DK82: 4.1505224e+08 | DL82: 1.690734e+10 | DM82: 1.3608234e+10 | DN82: 4.9348298e+08 | DO82: 0 | DP82: 1.7508629e+09 | DQ82: 8.5299026e+09 | DR82: -1.053915e+10 | DS82: 3.0640075e+09 | DT82: 8.046542e+09 | DU82: 6.1365868e+09 | DV82: 0 | DW82: 1.9099553e+09 | DX82: 1.6990259e+10 | DY82: 0 | DZ82: 0 | EA82: 0 | EB82: 0 | EC82: 1.6858592e+10 | ED82: 1.316671e+08 | EE82: 0 | EF82: 0

Sheet Aktif Ozet
A1: BİLANÇO
A2: Aktif Ozet
A3: 01.01.2026-30.06.2026
D5: 1 | E5: 10 | F5: 11 | G5: 12 | H5: 13 | I5: 14 | J5: 18 | K5: 19 | L5: 2 | M5: 22 | N5: 23 | O5: 24 | P5: 25 | Q5: 26 | R5: 27 | S5: 28 | T5: 29
A6: Şirket Adı | B6: Şirket Kodu | C6: Şirket Tipi | D6: Cari Varlıklar | E6: Nakit ve Nakit Benzeri Varlıklar | F6: Finansal Varlıklar ile Riski Sigortalılara Ait Finansal Yatırımlar | G6: Esas Faaliyetlerden Alacaklar | H6: İlişkili Taraflardan Alacaklar | I6: Diğer Alacaklar | J6: Gelecek Aylara Ait Giderler ve Gelir Tahakkukları | K6: Diğer Cari Varlıklar | L6: Cari Olmayan Varlıklar | M6: Esas Faaliyetlerden Alacaklar | N6: İlişkili Taraflardan Alacaklar | O6: Diğer Alacaklar | P6: Finansal Varlıklar | Q6: Maddi Varlıklar | R6: Maddi Olmayan Varlıklar | S6: Gelecek Yıllara Ait Giderler ve Gelir Tahakkukları | T6: Diğer Cari Olmayan Varlıklar
A7: Chubb European Group SE Merkezi Fransa Türkiye İstanbul Şubesi | B7: 1001 | C7: HD | D7: 4.3957879e+09 | E7: 2.3519865e+09 | F7: 0 | G7: 1.7422527e+09 | H7: 0 | I7: 10753225 | J7: 2.0141114e+08 | K7: 89384376 | L7: 1.3623502e+08 | M7: 0 | N7: 0 | O7: 0 | P7: 0 | Q7: 79172978 | R7: 9733.4 | S7: 0 | T7: 57052309
A8: Aksigorta AŞ | B8: 1003 | C8: HD | D8: 3.7466004e+10 | E8: 1.194898e+10 | F8: 1.3858727e+10 | G8: 6.1730148e+09 | H8: 0 | I8: 58302555 | J8: 5.1047353e+09 | K8: 3.2224377e+08 | L8: 2.6478346e+09 | M8: 0 | N8: 0 | O8: 0 | P8: 17094836 | Q8: 6.0430624e+08 | R8: 1.171667e+09 | S8: 17851674 | T8: 8.3691486e+08
A9: Allianz Sigorta AŞ | B9: 1004 | C9: HD | D9: 1.7252027e+11 | E9: 8.246623e+10 | F9: 4.0861727e+10 | G9: 3.5078144e+10 | H9: 74167207 | I9: 1.7698081e+08 | J9: 1.218222e+10 | K9: 1.6807961e+09 | L9: 2.3990428e+10 | M9: 0 | N9: 0 | O9: 385529.71 | P9: 1.8436745e+10 | Q9: 2.1631854e+09 | R9: 1.3602913e+09 | S9: 63102545 | T9: 1.9667177e+09
A10: Anadolu Anonim Türk Sigorta Şirketi | B10: 1005 | C10: HD | D10: 1.3950934e+11 | E10: 3.8872587e+10 | F10: 6.0995842e+10 | G10: 2.7211597e+10 | H10: 0 | I10: 8.779279e+08 | J10: 1.0480458e+10 | K10: 1.0709242e+09 | L10: 1.1824725e+10 | M10: 0 | N10: 0 | O10: 552554.61 | P10: 8849400000 | Q10: 1.5148686e+09 | R10: 1.0918173e+09 | S10: 1.047453e+08 | T10: 263340929
A11: Ankara Anonim Türk Sigorta Şirketi | B11: 1006 | C11: HD | D11: 2.786742e+10 | E11: 1.7205316e+10 | F11: 6.1452956e+09 | G11: 2.5346077e+09 | H11: 2186171.2 | I11: 1672585 | J11: 1.4523094e+09 | K11: 5.2603231e+08 | L11: 1.9246251e+09 | M11: 0 | N11: 0 | O11: 189769.37 | P11: 29757356 | Q11: 1.3543795e+09 | R11: 14514675 | S11: 0 | T11: 5.2578379e+08
A12: Atradius Crédito y Caución S.A. de Seguros y Reaseguros, İstanbul Şubesi | B12: 1007 | C12: HD | D12: 1.4992056e+09 | E12: 7.9451428e+08 | F12: 0 | G12: 5.910541e+08 | H12: 16309056 | I12: 28963.25 | J12: 77429480 | K12: 19869727 | L12: 1.9353974e+08 | M12: 61831792 | N12: 8044089.9 | O12: 0 | P12: 0 | Q12: 22478008 | R12: 0 | S12: 12863584 | T12: 88322267
A13: Unico Sigorta AŞ | B13: 1008 | C13: HD | D13: 2.8194336e+10 | E13: 1.3201421e+10 | F13: 8.6439142e+09 | G13: 2.9193832e+09 | H13: 0 | I13: 60303342 | J13: 2.5457683e+09 | K13: 8.2354528e+08 | L13: 4.6477041e+09 | M13: 0 | N13: 0 | O13: 50000 | P13: 16651655 | Q13: 4.1254977e+09 | R13: 2.9295378e+08 | S13: 0 | T13: 2.1255097e+08
A14: Axa Sigorta AŞ | B14: 1009 | C14: HD | D14: 1.3150271e+11 | E14: 3.1841853e+10 | F14: 54882147208 | G14: 2.9988149e+10 | H14: 348425.38 | I14: 1.3003083e+09 | J14: 1.3052836e+10 | K14: 4.3706622e+08 | L14: 2.7048193e+09 | M14: 0 | N14: 0 | O14: 0 | P14: 17262968 | Q14: 1.1779791e+09 | R14: 1.061127e+09 | S14: 0 | T14: 4.4845023e+08
A15: BNP Paribas Cardif Sigorta AŞ | B15: 1010 | C15: HD | D15: 7.8883816e+09 | E15: 3.3896503e+09 | F15: 3.2850177e+09 | G15: 4.6276257e+08 | H15: 0 | I15: 0 | J15: 7.5097189e+08 | K15: -20763.79 | L15: 5.5106083e+09 | M15: 0 | N15: 0 | O15: 0 | P15: 0 | Q15: 23339282 | R15: 94570717 | S15: 5.3589169e+09 | T15: 33781425
A16: Coface Sigorta AŞ | B16: 1011 | C16: HD | D16: 1.7614077e+09 | E16: 6.6890541e+08 | F16: 0 | G16: 8.7057473e+08 | H16: 7612486.9 | I16: 4001411.1 | J16: 1.9420005e+08 | K16: 16113578 | L16: 3.5594331e+08 | M16: 175585203 | N16: 0 | O16: 0 | P16: 0 | Q16: 28790565 | R16: 6255841.2 | S16: 36944153 | T16: 108367548
A17: Corpus Sigorta AŞ | B17: 1012 | C17: HD | D17: 1.759045e+10 | E17: 9.7434663e+09 | F17: 5.0267871e+09 | G17: 1.772391e+09 | H17: 0 | I17: 35897023 | J17: 1.0118809e+09 | K17: 28187.83 | L17: 1.8591636e+09 | M17: 0 | N17: 0 | O17: 12091.52 | P17: 1.6661083e+09 | Q17: 30789211 | R17: 1.6225402e+08 | S17: 0 | T17: 0
A18: VHV Allgemeine Sigorta AŞ | B18: 1013 | C18: HD | D18: 2.9195282e+09 | E18: 1.3214067e+09 | F18: 58102881 | G18: 1.0738319e+09 | H18: 0 | I18: 0 | J18: 4.220398e+08 | K18: 44146985 | L18: 1.4618596e+08 | M18: 0 | N18: 0 | O18: 1962718.2 | P18: 0 | Q18: 50970302 | R18: 16335358 | S18: 0 | T18: 76917586
... A81: TOPLAM (HAYAT DIŞI ŞİRKETLER+HAYAT VE EMEKLİLİK ŞİRKETLERİ) | B81: 9003 | C81: T (HD+H+E) | D81: 2.2452939e+12 | E81: 5.850349e+11 | F81: 8.0241602e+11 | G81: 6.9324991e+11 | H81: 6.6700859e+08 | I81: 1.3845075e+10 | J81: 1.387912e+11 | K81: 1.1289809e+10 | L81: 2.1362742e+12 | M81: 2.0030238e+12 | N81: 8044089.9 | O81: 6.8589789e+08 | P81: 5.9786746e+10 | Q81: 3.08256e+10 | R81: 1.690734e+10 | S81: 8.046542e+09 | T81: 1.6990259e+10
A82: TOPLAM (HAYAT DIŞI ŞİRKETLER+HAYAT VE EMEKLİLİK ŞİRKETLERİ+REASÜRANS ŞİRKETLERİ) | C82: T (HD+H+E+R) | D82: 2.2452939e+12 | E82: 5.850349e+11 | F82: 8.0241602e+11 | G82: 6.9324991e+11 | H82: 6.6700859e+08 | I82: 1.3845075e+10 | J82: 1.387912e+11 | K82: 1.1289809e+10 | L82: 2.1362742e+12 | M82: 2.0030238e+12 | N82: 8044089.9 | O82: 6.8589789e+08 | P82: 5.9786746e+10 | Q82: 3.08256e+10 | R82: 1.690734e+10 | S82: 8.046542e+09 | T82: 1.6990259e+10

Sheet Pasif Detay
A1: BİLANÇO
A2: Pasif Detay
A3: 01.01.2026-30.06.2026
D5: 3 | E5: 30 | F5: 300 | G5: 301 | H5: 302 | I5: 303 | J5: 304 | K5: 307 | L5: 308 | M5: 309 | N5: 32 | O5: 320 | P5: 322 | Q5: 324 | R5: 327 | S5: 328 | T5: 329 | U5: 33 | V5: 331 | W5: 332 | X5: 333 | Y5: 334 | Z5: 335 | AA5: 338 | AB5: 34 | AC5: 345 | AD5: 346 | AE5: 347 | AF5: 349 | AG5: 35 | AH5: 350 | AI5: 351 | AJ5: 352 | AK5: 353 | AL5: 354 | AM5: 359 | AN5: 36 | AO5: 360 | AP5: 361 | AQ5: 362 | AR5: 363 | AS5: 364 | AT5: 365 | AU5: 369 | AV5: 37 | AW5: 371 | AX5: 372 | AY5: 373 | AZ5: 38 | BA5: 380 | BB5: 383 | BC5: 384 | BD5: 39 | BE5: 394 | BF5: 397 | BG5: 399 | BH5: 4 | BI5: 40 | BJ5: 400 | BK5: 401 | BL5: 402 | BM5: 404 | BN5: 407 | BO5: 408 | BP5: 409 | BQ5: 42 | BR5: 420 | BS5: 422 | BT5: 424 | BU5: 427 | BV5: 428 | BW5: 429 | BX5: 43 | BY5: 431 | BZ5: 432 | CA5: 433 | CB5: 434 | CC5: 435 | CD5: 438 | CE5: 44 | CF5: 445 | CG5: 446 | CH5: 447 | CI5: 449 | CJ5: 45 | CK5: 450 | CL5: 451 | CM5: 452 | CN5: 453 | CO5: 454 | CP5: 459 | CQ5: 46 | CR5: 460 | CS5: 461 | CT5: 469 | CU5: 47 | CV5: 471 | CW5: 472 | CX5: 48 | CY5: 480 | CZ5: 483 | DA5: 489 | DB5: 49 | DC5: 494 | DD5: 499 | DE5: 5 | DF5: 50 | DG5: 500 | DH5: 501 | DI5: 502 | DJ5: 503 | DK5: 504 | DL5: 52 | DM5: 520 | DN5: 521 | DO5: 524 | DP5: 525 | DQ5: 529 | DR5: 54 | DS5: 540 | DT5: 541 | DU5: 542 | DV5: 543 | DW5: 545 | DX5: 549 | DY5: 57 | DZ5: 570 | EA5: 58 | EB5: 580 | EC5: 59 | ED5: 590 | EE5: 591 | EF5: 592
A6: Şirket Adı | B6: Şirket Kodu | C6: Şirket Tipi | D6: Kısa Vadeli Yükümlülükler | E6: Finansal Borçlar | F6: Kredi Kuruluşlarına Borçlar | G6: Finansal Kiralama İşlemlerinden Borçlar | H6: Ertelenmiş Finansal Kiralama Borçlanma Maliyetleri (-); | I6: Uzun Vadeli Kredilerin Ana Para Taksitleri ve Faizleri | J6: Çıkarılmış Tahviller (Bonolar); Anapara, Taksit ve Faizleri | K6: Çıkarılmış Diğer Finansal Varlıklar | L6: Çıkarılmış Diğer Finansal Varlıklar İhraç Farkı (-); | M6: Diğer Finansal Borçlar (Yükümlülükler); | N6: Esas Faaliyetlerden Borçlar | O6: Sigortacılık Faaliyetlerinden Borçlar | P6: Reasürans Faaliyetlerinden Borçlar | Q6: Sigorta ve Reasürans Şirketlerinden Alınan Depolar | R6: Emeklilik Faaliyetlerinden Borçlar | S6: Diğer Esas Faaliyetlerden Borçlar | T6: Diğer Esas Faaliyetlerden Borçlar Borç Senetleri Reeskontu(-); | U6: İlişkili Taraflardan Borçlar | V6: Ortaklara Borçlar | W6: İştiraklere Borçlar | X6: Bağlı Ortaklıklara Borçlar | Y6: Müşterek Yönetime Tabi Teşebbüslere Borçlar | Z6: Personele Borçlar | AA6: Diğer İlişkili Taraflara Borçlar | AB6: Diğer Borçlar | AC6: Alınan Depozito ve Teminatlar | AD6: Tedavi Giderlerine İlişkin SGK ya Borçlar | AE6: Diğer Çeşitli Borçlar | AF6: Diğer Çeşitli Borçlar Reeskontu (-); | AG6: Sigortacılık Teknik Karşılıkları | AH6: Kazanılmamış Primler Karşılığı ? Net | AI6: Devam Eden Riskler Karşılığı - Net | AJ6: Matematik Karşılıklar - Net | AK6: Muallak Tazminat Karşılığı - Net | AL6: İkramiye ve İndirimler Karşılığı - Net | AM6: Diğer Teknik Karşılıklar - Net | AN6: Ödenecek Vergi ve Benzeri Diğer Yükümlülükler İle Karşılıklar | AO6: Ödenecek Vergi ve Fonlar | AP6: Ödenecek Sosyal Güvenlik Kesintileri | AQ6: Vadesi Geçmiş, Ertelenmiş Veya Taksitlendirilmiş Ver. ve Diğ. Yükümlülükler | AR6: Ödenecek Diğer Vergi ve Benzeri Yükümlülükler | AS6: Dönem Karı Vergi ve Diğer Yasal Yükümlülük Karşılıkları | AT6: Dönem Karının Peşin Ödenen Vergi ve Diğer Yükümlülükleri (-); | AU6: Diğer Vergi ve Benzeri Yükümlülük Karşılıkları | AV6: Diğer Risklere İlişkin Karşılıklar | AW6: Kıdem Tazminatı Karşılığı | AX6: Sosyal Yardım Sandığı Varlık Açıkları Karşılığı | AY6: Maliyet Giderleri Karşılığı | AZ6: Gelecek Aylara Ait Gelirler ve Gider Tahakkukları | BA6: Gelecek Aylara Ait Gelirler | BB6: Gider Tahakkukları | BC6: Gelecek Aylara Ait Diğer Gelirler ve Gider Tahakkukları | BD6: Diğer Kısa Vadeli Yükümlülükler | BE6: Ertelenmiş Vergi Yükümlülüğü | BF6: Sayım ve Tesellüm Fazlalıkları | BG6: Diğer Çeşitli Kısa Vadeli Yükümlülükler | BH6: Uzun Vadeli Yükümlülükler | BI6: Finansal Borçlar | BJ6: Kredi Kuruluşlarına Borçlar | BK6: Finansal Kiralama İşlemlerinden Borçlar | BL6: Ertelenmiş Finansal Kiralama Borçlanma Maliyetleri (-); | BM6: Çıkarılmış Tahviller | BN6: Çıkarılmış Diğer Finansal Varlıklar | BO6: Çıkarılmış Diğer Finansal Varlıklar İhraç Farkı (-); | BP6: Diğer Finansal Borçlar (Yükümlülükler); | BQ6: Esas Faaliyetlerden Borçlar | BR6: Sigortacılık Faaliyetlerinden Borçlar | BS6: Reasürans Faaliyetlerinden Borçlar | BT6: Sigorta ve Reasürans Şirketlerinden Alınan Depolar | BU6: Emeklilik Faaliyetlerinden Borçlar | BV6: Diğer Esas Faaliyetlerden Borçlar | BW6: Diğer Esas Faaliyetlerden Borçlar Borç Senetleri Reeskontu (-); | BX6: İlişkili Taraflara Borçlar | BY6: Ortaklara Borçlar | BZ6: İştiraklere Borçlar | CA6: Bağlı Ortaklıklara Borçlar | CB6: Müşterek Yönetime Tabi Teşebbüslere Borçlar | CC6: Personele Borçlar | CD6: Diğer İlişkili Taraflara Borçlar | CE6: Diğer Borçlar | CF6: Alınan Depozito ve Teminatlar | CG6: Tedavi Giderlerine İlişkin SGK ya Borçlar | CH6: Diğer Çeşitli Borçlar | CI6: Diğer Çeşitli Borçlar Reeskontu (-); | CJ6: Sigortacılık Teknik Karşılıkları | CK6: Kazanılmamış Primler Karşılığı ? Net | CL6: Devam Eden Riskler Karşılığı - Net | CM6: Matematik Karşılıklar - Net | CN6: Muallak Tazminat Karşılığı - Net | CO6: İkramiye ve İndirimler Karşılığı - Net | CP6: Diğer Teknik Karşılıklar - Net | CQ6: Diğer Yükümlülükler ve Karşılıklar | CR6: Ödenecek Diğer Yükümlülükler | CS6: Vadesi Geçmiş, Ertelenmiş Veya Taksitlendirilmiş Ver. ve Diğ.Yükümlülükler | CT6: Diğer Borç ve Gider Karşılıkları | CU6: Diğer Risklere İlişkin Karşılıklar | CV6: Kıdem Tazminatı Karşılığı | CW6: Sosyal Yardım Sandığı Varlık Açıkları Karşılığı | CX6: Gelecek Yıllara Ait Gelirler ve Gider Tahakkukları | CY6: Gelecek Yıllara Ait Gelirler | CZ6: Gider Tahakkukları | DA6: Gelecek Yıllara Ait Diğer Gelirler ve Gider Tahakkukları | DB6: Diğer Uzun Vadeli Yükümlülükler | DC6: Ertelenmiş Vergi Yükümlülüğü | DD6: Diğer Çeşitli Uzun Vadeli Yükümlülükler | DE6: Özsermaye | DF6: Ödenmiş Sermaye | DG6: (Nominal); Sermaye | DH6: Ödenmemiş Sermaye (-); | DI6: Sermaye Düzeltmesi Olumlu Farkları | DJ6: Sermaye Düzeltmesi Olumsuz Farkları (-); | DK6: Tescili Beklenen Sermaye | DL6: Sermaye Yedekleri | DM6: Hisse Senedi İhraç Primleri | DN6: Hisse Senedi İptal Karları | DO6: Sermayeye Eklenecek Satış Karları | DP6: Yabancı Para Çevrim Farkları | DQ6: Diğer Sermaye Yedekleri | DR6: Kar Yedekleri | DS6: Yasal Yedekler | DT6: Statü Yedekleri | DU6: Olağanüstü Yedekler | DV6: Özel Fonlar (Yedekler); | DW6: Finansal Varlıkların Değerlemesi | DX6: Diğer Kar Yedekleri | DY6: Geçmiş Yıllar Karları | DZ6: Geçmiş Yıllar Karları | EA6: Geçmiş Yıllar Zararları(-); | EB6: Geçmiş Yıllar Zararları (-); | EC6: Dönem Net Karı | ED6: Dönem Net Karı | EE6: Dönem Net Zararı (-); | EF6: Dağıtıma Konu Olmayan Dönem Karı
A7: Chubb European Group SE Merkezi Fransa Türkiye İstanbul Şubesi | B7: 1001 | C7: HD | D7: 2.8610505e+09 | E7: 9296401.9 | F7: 0 | G7: 18592803 | H7: -9296401.5 | I7: 0 | J7: 0 | K7: 0 | L7: 0 | M7: 0 | N7: 7.9750715e+08 | O7: 7.9770171e+08 | P7: 0 | Q7: 0 | R7: 0 | S7: -194557.12 | T7: 0 | U7: 37905120 | V7: 37813216 | W7: 0 | X7: 0 | Y7: 0 | Z7: 91903.67 | AA7: 0 | AB7: 43451979 | AC7: 0 | AD7: 0 | AE7: 43451979 | AF7: 0 | AG7: 1.7367052e+09 | AH7: 7.327086e+08 | AI7: 61157583 | AJ7: 0 | AK7: 9.4283901e+08 | AL7: 0 | AM7: 0 | AN7: 1.0895581e+08 | AO7: 60599637 | AP7: 4556368.1 | AQ7: 0 | AR7: 0 | AS7: -12519747 | AT7: 56319552 | AU7: 0 | AV7: 0 | AW7: 0 | AX7: 0 | AY7: 0 | AZ7: 1.2722889e+08 | BA7: 43951417 | BB7: 83277471 | BC7: 0 | BD7: 0 | BE7: 0 | BF7: 0 | BG7: 0 | BH7: 35258683 | BI7: 10896336 | BJ7: 0 | BK7: 29301883 | BL7: -18405547 | BM7: 0 | BN7: 0 | BO7: 0 | BP7: 0 | BQ7: 0 | BR7: 0 | BS7: 0 | BT7: 0 | BU7: 0 | BV7: 0 | BW7: 0 | BX7: 0 | BY7: 0 | BZ7: 0 | CA7: 0 | CB7: 0 | CC7: 0 | CD7: 0 | CE7: 0 | CF7: 0 | CG7: 0 | CH7: 0 | CI7: 0 | CJ7: 15058393 | CK7: 0 | CL7: 0 | CM7: 0 | CN7: 0 | CO7: 0 | CP7: 15058393 | CQ7: 0 | CR7: 0 | CS7: 0 | CT7: 0 | CU7: 9303954.7 | CV7: 9303954.7 | CW7: 0 | CX7: 0 | CY7: 0 | CZ7: 0 | DA7: 0 | DB7: 0 | DC7: 0 | DD7: 0 | DE7: 1.6357137e+09 | DF7: 1.3934756e+08 | DG7: 1.3934756e+08 | DH7: 0 | DI7: 0 | DJ7: 0 | DK7: 0 | DL7: 0 | DM7: 0 | DN7: 0 | DO7: 0 | DP7: 0 | DQ7: 0 | DR7: 1.8428886e+08 | DS7: 1.8339141e+08 | DT7: 0 | DU7: 0 | DV7: 0 | DW7: 0 | DX7: 897446.19 | DY7: 1.3050232e+09 | DZ7: 1.3050232e+09 | EA7: 0 | EB7: 0 | EC7: 7054110.2 | ED7: 7054110.2 | EE7: 0 | EF7: 0
A8: Aksigorta AŞ | B8: 1003 | C8: HD | D8: 3.0882257e+10 | E8: 46285840 | F8: 0 | G8: 1.3587881e+08 | H8: -89592971 | I8: 0 | J8: 0 | K8: 0 | L8: 0 | M8: 0 | N8: 5.7696323e+09 | O8: 5.7696323e+09 | P8: 0 | Q8: 0 | R8: 0 | S8: 0 | T8: 0 | U8: 2.0635402e+08 | V8: 0 | W8: 0 | X8: 0 | Y8: 0 | Z8: 1563055 | AA8: 2.0479096e+08 | AB8: 9.2868671e+08 | AC8: 1.5509562e+08 | AD8: 1.6790282e+08 | AE8: 6.0568826e+08 | AF8: 0 | AG8: 2.1077222e+10 | AH8: 1.0793695e+10 | AI8: 1.3947103e+09 | AJ8: 0 | AK8: 8.8887973e+09 | AL8: 19901.73 | AM8: 0 | AN8: 2.7356887e+08 | AO8: 2.4973185e+08 | AP8: 3541568.5 | AQ8: 0 | AR8: 5514.42 | AS8: 20289935 | AT8: 0 | AU8: 0 | AV8: 5.3284114e+08 | AW8: 0 | AX8: 0 | AY8: 5.3284114e+08 | AZ8: 2047665856 | BA8: 1.9017454e+09 | BB8: 1.4592049e+08 | BC8: 0 | BD8: 0 | BE8: 0 | BF8: 0 | BG8: 0 | BH8: 6.4475428e+08 | BI8: 1.8577402e+08 | BJ8: 0 | BK8: 3.9376624e+08 | BL8: -2.0799221e+08 | BM8: 0 | BN8: 0 | BO8: 0 | BP8: 0 | BQ8: 0 | BR8: 0 | BS8: 0 | BT8: 0 | BU8: 0 | BV8: 0 | BW8: 0 | BX8: 0 | BY8: 0 | BZ8: 0 | CA8: 0 | CB8: 0 | CC8: 0 | CD8: 0 | CE8: 0 | CF8: 0 | CG8: 0 | CH8: 0 | CI8: 0 | CJ8: 4.0671311e+08 | CK8: 0 | CL8: 0 | CM8: 4739760.5 | CN8: 0 | CO8: 0 | CP8: 4.0197335e+08 | CQ8: 0 | CR8: 0 | CS8: 0 | CT8: 0 | CU8: 52267149 | CV8: 52267149 | CW8: 0 | CX8: 0 | CY8: 0 | CZ8: 0 | DA8: 0 | DB8: 0 | DC8: 0 | DD8: 0 | DE8: 8.5868273e+09 | DF8: 1612000000 | DG8: 1612000000 | DH8: 0 | DI8: 0 | DJ8: 0 | DK8: 0 | DL8: 3463617.3 | DM8: 3463617.3 | DN8: 0 | DO8: 0 | DP8: 0 | DQ8: 0 | DR8: 4.5186436e+09 | DS8: 3.6097451e+08 | DT8: 62 | DU8: 4.2102613e+09 | DV8: -75640269 | DW8: 23047947 | DX8: 0 | DY8: 1.4342289e+09 | DZ8: 1.4342289e+09 | EA8: 0 | EB8: 0 | EC8: 1.0184912e+09 | ED8: 1.0184912e+09 | EE8: 0 | EF8: 0
A9: Allianz Sigorta AŞ | B9: 1004 | C9: HD | D9: 1.3153185e+11 | E9: 82277733 | F9: 0 | G9: 1.1406333e+08 | H9: -31785596 | I9: 0 | J9: 0 | K9: 0 | L9: 0 | M9: -0.25 | N9: 4.7811399e+09 | O9: 3.8888297e+09 | P9: 0 | Q9: 57680.48 | R9: 0 | S9: 8.9225257e+08 | T9: 0 | U9: 1.0558106e+08 | V9: 152757.49 | W9: 0 | X9: 0 | Y9: 0 | Z9: 1243915.9 | AA9: 1.0418438e+08 | AB9: 9.3753484e+08 | AC9: 0 | AD9: 4.3399226e+08 | AE9: 5.0354258e+08 | AF9: 0 | AG9: 1.1784357e+11 | AH9: 6.805267e+10 | AI9: 4.0767851e+09 | AJ9: 0 | AK9: 4.3437297e+10 | AL9: 2.2768211e+09 | AM9: 0 | AN9: 4.8152763e+09 | AO9: 9.8498235e+08 | AP9: 1.1881788e+08 | AQ9: 0 | AR9: 0 | AS9: 4.4377358e+09 | AT9: -7.2625979e+08 | AU9: 0 | AV9: 1.6189304e+09 | AW9: 0 | AX9: 0 | AY9: 1.6189304e+09 | AZ9: 1.3475361e+09 | BA9: 1.3475361e+09 | BB9: 0 | BC9: 0 | BD9: 0 | BE9: 0 | BF9: 0 | BG9: 0 | BH9: 1.3279097e+09 | BI9: 42263630 | BJ9: 0 | BK9: 56451491 | BL9: -14187862 | BM9: 0 | BN9: 0 | BO9: 0 | BP9: 0 | BQ9: 0 | BR9: 0 | BS9: 0 | BT9: 0 | BU9: 0 | BV9: 0 | BW9: 0 | BX9: 0 | BY9: 0 | BZ9: 0 | CA9: 0 | CB9: 0 | CC9: 0 | CD9: 0 | CE9: 3.6960022e+08 | CF9: 3.6960022e+08 | CG9: -0.11 | CH9: 0 | CI9: 0 | CJ9: 6.5143796e+08 | CK9: 0 | CL9: 0 | CM9: 0 | CN9: 0 | CO9: 0 | CP9: 6.5143796e+08 | CQ9: 0 | CR9: 0 | CS9: 0 | CT9: 0 | CU9: 2.6460792e+08 | CV9: 2.6460792e+08 | CW9: 0 | CX9: 0 | CY9: 0 | CZ9: 0 | DA9: 0 | DB9: 0 | DC9: 0 | DD9: 0 | DE9: 6.3650934e+10 | DF9: 6.4764292e+08 | DG9: 529147564 | DH9: 0 | DI9: 1.1849535e+08 | DJ9: 0 | DK9: 0 | DL9: 8.350137e+08 | DM9: 0 | DN9: 0 | DO9: 0 | DP9: 0 | DQ9: 8.350137e+08 | DR9: 5.0811095e+10 | DS9: 6.2388056e+08 | DT9: 0 | DU9: 3.4556527e+10 | DV9: 0 | DW9: 1.5628099e+10 | DX9: 2588242.5 | DY9: 2.204964e+08 | DZ9: 2.204964e+08 | EA9: 0 | EB9: 0 | EC9: 1.1136686e+10 | ED9: 1.1136686e+10 | EE9: 0 | EF9: 0
A10: Anadolu Anonim Türk Sigorta Şirketi | B10: 1005 | C10: HD | D10: 1.02221e+11 | E10: 81489649 | F10: 0 | G10: 30054188 | H10: -0.04 | I10: 0 | J10: 0 | K10: 0 | L10: 0 | M10: 51435461 | N10: 1.4703001e+10 | O10: 1.0703161e+10 | P10: 4.4245873e+08 | Q10: 2.4014043e+08 | R10: 0 | S10: 3.3189321e+09 | T10: -1690717.6 | U10: 2747374.8 | V10: 389898.73 | W10: 0 | X10: 0 | Y10: 0 | Z10: 2357476.3 | AA10: -0.24 | AB10: 1.3296493e+09 | AC10: 61696195 | AD10: 2.7609544e+08 | AE10: 1.0131698e+09 | AF10: -21312132 | AG10: 8.2395051e+10 | AH10: 4.504886e+10 | AI10: 1.1541179e+09 | AJ10: 0 | AK10: 3.6192073e+10 | AL10: 0 | AM10: 0 | AN10: 1.2022445e+09 | AO10: 5.9207461e+08 | AP10: 1.9952818e+08 | AQ10: 0 | AR10: 0 | AS10: 1556943391 | AT10: -1.1463017e+09 | AU10: 0 | AV10: 0 | AW10: 0 | AX10: 0 | AY10: 0 | AZ10: 2.376666e+09 | BA10: 1.2730146e+09 | BB10: 1.1028293e+09 | BC10: 822169.18 | BD10: 1.3015441e+08 | BE10: 0 | BF10: 0 | BG10: 1.3015441e+08 | BH10: 2.9994956e+09 | BI10: 1.354148e+08 | BJ10: 0 | BK10: 1.354148e+08 | BL10: 0 | BM10: 0 | BN10: 0 | BO10: 0 | BP10: 0 | BQ10: 0 | BR10: 0 | BS10: 0 | BT10: 0 | BU10: 0 | BV10: 0 | BW10: 0 | BX10: 0 | BY10: 0 | BZ10: 0 | CA10: 0 | CB10: 0 | CC10: 0 | CD10: 0 | CE10: 0 | CF10: 0 | CG10: 0 | CH10: 0 | CI10: 0 | CJ10: 2.4167746e+09 | CK10: 2595180.3 | CL10: 0 | CM10: 0 | CN10: 0 | CO10: 0 | CP10: 2.4141794e+09 | CQ10: 0 | CR10: 0 | CS10: 0 | CT10: 0 | CU10: 4.4730621e+08 | CV10: 4.4730621e+08 | CW10: 0 | CX10: 0 | CY10: 0 | CZ10: 0 | DA10: 0 | DB10: 0 | DC10: 0 | DD10: 0 | DE10: 4.6113562e+10 | DF10: 2000000000 | DG10: 2000000000 | DH10: 0 | DI10: 0 | DJ10: 0 | DK10: 0 | DL10: 2.3947953e+08 | DM10: 0 | DN10: 0 | DO10: 0 | DP10: 0 | DQ10: 2.3947953e+08 | DR10: 3.6083022e+10 | DS10: 7.4898774e+08 | DT10: 2.8096627e+09 | DU10: 2.0753057e+10 | DV10: 1163766868 | DW10: 1.0850807e+10 | DX10: -2.4325971e+08 | DY10: 4.2035597e+08 | DZ10: 4.2035597e+08 | EA10: 0 | EB10: 0 | EC10: 7.370705e+09 | ED10: 7.370705e+09 | EE10: 0 | EF10: 0
A11: Ankara Anonim Türk Sigorta Şirketi | B11: 1006 | C11: HD | D11: 2.1771226e+10 | E11: 394739.74 | F11: 0 | G11: 394739.74 | H11: 0 | I11: 0 | J11: 0 | K11: 0 | L11: 0 | M11: 0 | N11: 2.3359282e+08 | O11: 2.3359282e+08 | P11: 0 | Q11: 0 | R11: 0 | S11: 0 | T11: 0 | U11: 11676799 | V11: 0 | W11: 0 | X11: 0 | Y11: 0 | Z11: -0.24 | AA11: 11676799 | AB11: 8.817426e+08 | AC11: 77560854 | AD11: 2.3323764e+08 | AE11: 5.709441e+08 | AF11: -0.01 | AG11: 1.9597011e+10 | AH11: 8.1508304e+09 | AI11: 1.6744055e+09 | AJ11: 0 | AK11: 9.7717754e+09 | AL11: 0 | AM11: 0 | AN11: 8.4015695e+08 | AO11: 1.9712703e+08 | AP11: 10172428 | AQ11: 0 | AR11: 0 | AS11: 6.328575e+08 | AT11: 0 | AU11: 0 | AV11: 39640739 | AW11: 0 | AX11: 0 | AY11: 39640739 | AZ11: 1.6700999e+08 | BA11: 1.6700999e+08 | BB11: 0 | BC11: 0 | BD11: 0 | BE11: 0 | BF11: 0 | BG11: 0 | BH11: 2.4778596e+08 | BI11: 854245.28 | BJ11: 0 | BK11: 854245.28 | BL11: 0 | BM11: 0 | BN11: 0 | BO11: 0 | BP11: 0 | BQ11: 0 | BR11: 0 | BS11: 0 | BT11: 0 | BU11: 0 | BV11: 0 | BW11: 0 | BX11: 0 | BY11: 0 | BZ11: 0 | CA11: 0 | CB11: 0 | CC11: 0 | CD11: 0 | CE11: 0 | CF11: 0 | CG11: 0 | CH11: 0 | CI11: 0 | CJ11: 29320620 | CK11: 0 | CL11: 0 | CM11: 0 | CN11: 0 | CO11: 0 | CP11: 29320620 | CQ11: 0 | CR11: 0 | CS11: 0 | CT11: 0 | CU11: 12684073 | CV11: 12684073 | CW11: 0 | CX11: 0 | CY11: 0 | CZ11: 0 | DA11: 0 | DB11: 2.0492702e+08 | DC11: 0 | DD11: 2.0492702e+08 | DE11: 7.7730335e+09 | DF11: 350000000 | DG11: 350000000 | DH11: 0 | DI11: 0 | DJ11: 0 | DK11: 0 | DL11: 4.7849575e+08 | DM11: 0 | DN11: 0 | DO11: 0 | DP11: 0 | DQ11: 4.7849575e+08 | DR11: 2.0616042e+08 | DS11: 94100537 | DT11: 1.0451929e+08 | DU11: 0 | DV11: 1810030.7 | DW11: 0 | DX11: 5730563.7 | DY11: 5.4165916e+09 | DZ11: 5.4165916e+09 | EA11: 0 | EB11: 0 | EC11: 1.3217857e+09 | ED11: 1.3217857e+09 | EE11: 0 | EF11: 0
A12: Atradius Crédito y Caución S.A. de Seguros y Reaseguros, İstanbul Şubesi | B12: 1007 | C12: HD | D12: 1.0595813e+09 | E12: 5974674.2 | F12: 0 | G12: 8125591.9 | H12: -2150917.7 | I12: 0 | J12: 0 | K12: 0 | L12: 0 | M12: 0 | N12: 1.0871405e+08 | O12: 1.0871405e+08 | P12: 0 | Q12: 0 | R12: 0 | S12: 0 | T12: 0 | U12: 2.1332246e+08 | V12: 22549424 | W12: 0 | X12: 0 | Y12: 0 | Z12: 0 | AA12: 1.9077304e+08 | AB12: 0 | AC12: 0 | AD12: 0 | AE12: 0 | AF12: 0 | AG12: 6.1522385e+08 | AH12: 3.0325025e+08 | AI12: 0 | AJ12: 0 | AK12: 2.0864672e+08 | AL12: 1.0332688e+08 | AM12: 0 | AN12: 18580161 | AO12: 0 | AP12: 2841423.8 | AQ12: 0 | AR12: 12864230 | AS12: 2874507.9 | AT12: 0 | AU12: 0 | AV12: 4824249.2 | AW12: 0 | AX12: 0 | AY12: 4824249.2 | AZ12: 81980082 | BA12: 69243507 | BB12: 12736575 | BC12: 0 | BD12: 10961748 | BE12: 0 | BF12: 0 | BG12: 10961748 | BH12: 3.8412624e+08 | BI12: 24477157 | BJ12: 0 | BK12: 27051833 | BL12: -2574675.3 | BM12: 0 | BN12: 0 | BO12: 0 | BP12: 0 | BQ12: 91266903 | BR12: 91266903 | BS12: 0 | BT12: 0 | BU12: 0 | BV12: 0 | BW12: 0 | BX12: 2833613 | BY12: 2833613 | BZ12: 0 | CA12: 0 | CB12: 0 | CC12: 0 | CD12: 0 | CE12: 0 | CF12: 0 | CG12: 0 | CH12: 0 | CI12: 0 | CJ12: 2.4040575e+08 | CK12: 51353993 | CL12: 0 | CM12: 0 | CN12: 0 | CO12: 0 | CP12: 1.8905176e+08 | CQ12: 0 | CR12: 0 | CS12: 0 | CT12: 0 | CU12: 8710899.5 | CV12: 8710899.5 | CW12: 0 | CX12: 17223971 | CY12: 17223971 | CZ12: 0 | DA12: 0 | DB12: -792049.75 | DC12: -792049.75 | DD12: 0 | DE12: 2.4903783e+08 | DF12: 29255115 | DG12: 29255115 | DH12: 0 | DI12: 0 | DJ12: 0 | DK12: 0 | DL12: -1.8626451e-08 | DM12: 0 | DN12: 0 | DO12: 0 | DP12: 0 | DQ12: -1.8626451e-08 | DR12: 4002906.9 | DS12: 5851023 | DT12: 0 | DU12: 0 | DV12: -1848116.1 | DW12: 0 | DX12: 0 | DY12: 1.7659019e+08 | DZ12: 1.7659019e+08 | EA12: -45230426 | EB12: -45230426 | EC12: 84420048 | ED12: 84420048 | EE12: 0 | EF12: 0
A13: Unico Sigorta AŞ | B13: 1008 | C13: HD | D13: 2.4631316e+10 | E13: 52785058 | F13: 113.93 | G13: 0 | H13: 0 | I13: 0 | J13: 0 | K13: 0 | L13: 0 | M13: 52784944 | N13: 6.6333404e+08 | O13: 660270444 | P13: 0 | Q13: 0 | R13: 0 | S13: 3109851.4 | T13: -46254.72 | U13: 111083.36 | V13: 0 | W13: 0 | X13: 0 | Y13: 0 | Z13: 111083.36 | AA13: 0 | AB13: 4.2319919e+08 | AC13: 36785012 | AD13: 3.0703121e+08 | AE13: 1.0245471e+08 | AF13: -23071749 | AG13: 2.2016438e+10 | AH13: 1.1541979e+10 | AI13: 0 | AJ13: 0 | AK13: 1.0474459e+10 | AL13: 0 | AM13: 0 | AN13: 2.9365137e+08 | AO13: 2.6556181e+08 | AP13: 28089554 | AQ13: 0 | AR13: 0 | AS13: 0 | AT13: 0 | AU13: 0 | AV13: 9.9102374e+08 | AW13: 0 | AX13: 0 | AY13: 9.9102374e+08 | AZ13: 1.9077199e+08 | BA13: 1.9077199e+08 | BB13: 0 | BC13: 0 | BD13: 1394.31 | BE13: 0 | BF13: 0 | BG13: 1394.31 | BH13: 2.1872989e+09 | BI13: 1.1839622e+08 | BJ13: 0 | BK13: 0 | BL13: 0 | BM13: 0 | BN13: 0 | BO13: 0 | BP13: 1.1839622e+08 | BQ13: 0 | BR13: 0 | BS13: 0 | BT13: 0 | BU13: 0 | BV13: 0 | BW13: 0 | BX13: 0 | BY13: 0 | BZ13: 0 | CA13: 0 | CB13: 0 | CC13: 0 | CD13: 0 | CE13: 0 | CF13: 0 | CG13: 0 | CH13: 0 | CI13: 0 | CJ13: 2.0481409e+09 | CK13: 0 | CL13: 0 | CM13: 211532.03 | CN13: 1.7690317e+09 | CO13: 0 | CP13: 2.7889772e+08 | CQ13: 0 | CR13: 0 | CS13: 0 | CT13: 0 | CU13: 20761774 | CV13: 20761774 | CW13: 0 | CX13: 0 | CY13: 0 | CZ13: 0 | DA13: 0 | DB13: 0 | DC13: 0 | DD13: 0 | DE13: 6.0234246e+09 | DF13: 270500000 | DG13: 270500000 | DH13: 0 | DI13: 0 | DJ13: 0 | DK13: 0 | DL13: 72328018 | DM13: 0 | DN13: 0 | DO13: 0 | DP13: 0 | DQ13: 72328018 | DR13: 7.6628596e+08 | DS13: 54100000 | DT13: 0 | DU13: 0 | DV13: 7.0348213e+08 | DW13: 10042180 | DX13: -1338344.9 | DY13: 3.8027187e+09 | DZ13: 3.8027187e+09 | EA13: 0 | EB13: 0 | EC13: 1.1115919e+09 | ED13: 1.1115919e+09 | EE13: 0 | EF13: 0
A14: Axa Sigorta AŞ | B14: 1009 | C14: HD | D14: 9.9646584e+10 | E14: 54391486 | F14: 0 | G14: 54391486 | H14: 0 | I14: 0 | J14: 0 | K14: 0 | L14: 0 | M14: 0 | N14: 5.0943578e+09 | O14: 5.0943578e+09 | P14: 0 | Q14: 0 | R14: 0 | S14: -0.12 | T14: 0 | U14: 5225682.6 | V14: 2567.97 | W14: 0 | X14: 0 | Y14: 0 | Z14: 0 | AA14: 5223114.6 | AB14: 4.3375712e+09 | AC14: 83620205 | AD14: 6.2697237e+08 | AE14: 3.6269786e+09 | AF14: 0 | AG14: 8.5386636e+10 | AH14: 4.8121272e+10 | AI14: 1.8854709e+09 | AJ14: 0 | AK14: 3.4597352e+10 | AL14: 0 | AM14: 7.8254019e+08 | AN14: 2.3344694e+09 | AO14: 5.9228586e+08 | AP14: 75426002 | AQ14: 0 | AR14: 1.0382435e+08 | AS14: 2.5139309e+09 | AT14: -9.5099773e+08 | AU14: 0 | AV14: 8.2819716e+08 | AW14: 0 | AX14: 0 | AY14: 8.2819716e+08 | AZ14: 1.5207658e+09 | BA14: 1.5010478e+09 | BB14: 0 | BC14: 19718023 | BD14: 84969801 | BE14: 0 | BF14: 0 | BG14: 84969801 | BH14: 3.6987662e+09 | BI14: 1.266603e+08 | BJ14: 0 | BK14: 1.266603e+08 | BL14: 0 | BM14: 0 | BN14: 0 | BO14: 0 | BP14: 0 | BQ14: 0 | BR14: 0 | BS14: 0 | BT14: 0 | BU14: 0 | BV14: 0 | BW14: 0 | BX14: 0 | BY14: 0 | BZ14: 0 | CA14: 0 | CB14: 0 | CC14: 0 | CD14: 0 | CE14: 0 | CF14: 0 | CG14: 0 | CH14: 0 | CI14: 0 | CJ14: 3.4975474e+09 | CK14: 0 | CL14: 0 | CM14: 0 | CN14: 0 | CO14: 0 | CP14: 3.4975474e+09 | CQ14: 0 | CR14: 0 | CS14: 0 | CT14: 0 | CU14: 74558562 | CV14: 74558562 | CW14: 0 | CX14: 0 | CY14: 0 | CZ14: 0 | DA14: 0 | DB14: 0.09 | DC14: 0.09 | DD14: 0 | DE14: 3.0862178e+10 | DF14: 5.6563806e+09 | DG14: 5.6563806e+09 | DH14: 0 | DI14: 0 | DJ14: 0 | DK14: 0 | DL14: 3.1506796e+08 | DM14: 3.1501481e+08 | DN14: 0 | DO14: 0 | DP14: 0 | DQ14: 53154.89 | DR14: 1.9057164e+10 | DS14: 1.1915096e+09 | DT14: 0 | DU14: 1.7996156e+10 | DV14: 0 | DW14: 89094964 | DX14: -2.195973e+08 | DY14: -0.39 | DZ14: -0.39 | EA14: 0 | EB14: 0 | EC14: 5.8335652e+09 | ED14: 5.8335652e+09 | EE14: 0 | EF14: 0
A15: BNP Paribas Cardif Sigorta AŞ | B15: 1010 | C15: HD | D15: 1.5376437e+09 | E15: 5131071.6 | F15: 0 | G15: 5687640.1 | H15: -556568.49 | I15: 0 | J15: 0 | K15: 0 | L15: 0 | M15: 0 | N15: 13700162 | O15: 13578649 | P15: 121513.15 | Q15: 0 | R15: 0 | S15: 0 | T15: 0 | U15: 12371892 | V15: 0 | W15: 0 | X15: 0 | Y15: 0 | Z15: 30220.43 | AA15: 12341672 | AB15: 14135171 | AC15: 0 | AD15: 0 | AE15: 14135171 | AF15: 0 | AG15: 1.1820423e+09 | AH15: 1.0550199e+09 | AI15: 5460208.4 | AJ15: 1546135.8 | AK15: 1.2001599e+08 | AL15: 0 | AM15: 0 | AN15: 1.1880883e+08 | AO15: 43686735 | AP15: 2263630.1 | AQ15: 0 | AR15: 0 | AS15: 1.4561184e+08 | AT15: -72753380 | AU15: 0 | AV15: 1.9035904e+08 | AW15: 0 | AX15: 0 | AY15: 1.9035904e+08 | AZ15: 0 | BA15: 0 | BB15: 0 | BC15: 0 | BD15: 1095223.8 | BE15: 0 | BF15: 0 | BG15: 1095223.8 | BH15: 8.0209783e+09 | BI15: 813832.41 | BJ15: 0 | BK15: 900000.12 | BL15: -86167.71 | BM15: 0 | BN15: 0 | BO15: 0 | BP15: 0 | BQ15: 0 | BR15: 0 | BS15: 0 | BT15: 0 | BU15: 0 | BV15: 0 | BW15: 0 | BX15: 0 | BY15: 0 | BZ15: 0 | CA15: 0 | CB15: 0 | CC15: 0 | CD15: 0 | CE15: 0 | CF15: 0 | CG15: 0 | CH15: 0 | CI15: 0 | CJ15: 8.0169242e+09 | CK15: 7.9444259e+09 | CL15: 0 | CM15: 7367125.1 | CN15: 64612286 | CO15: 0 | CP15: 518962.91 | CQ15: 0 | CR15: 0 | CS15: 0 | CT15: 0 | CU15: 3240270.5 | CV15: 3240270.5 | CW15: 0 | CX15: 0 | CY15: 0 | CZ15: 0 | DA15: 0 | DB15: 0 | DC15: 0 | DD15: 0 | DE15: 3.840368e+09 | DF15: 47936859 | DG15: 47936859 | DH15: 0 | DI15: 0 | DJ15: 0 | DK15: 0 | DL15: 99586341 | DM15: 99586341 | DN15: 0 | DO15: 0 | DP15: 0 | DQ15: 0 | DR15: 6317843.2 | DS15: 5337310.8 | DT15: 0 | DU15: 0 | DV15: 0 | DW15: 980532.46 | DX15: 0 | DY15: 2.8564269e+09 | DZ15: 2.8564269e+09 | EA15: -283118.17 | EB15: -283118.17 | EC15: 8.3038317e+08 | ED15: 8.3038317e+08 | EE15: 0 | EF15: 0
A16: Coface Sigorta AŞ | B16: 1011 | C16: HD | D16: 1.3393466e+09 | E16: 15811851 | F16: 0 | G16: 23889398 | H16: -8081147.1 | I16: 0 | J16: 0 | K16: 0 | L16: 0 | M16: 3600 | N16: 3.5477931e+08 | O16: 55323956 | P16: 299455353 | Q16: 0 | R16: 0 | S16: 0 | T16: 0 | U16: 7070359.8 | V16: 0 | W16: 0 | X16: 0 | Y16: 0 | Z16: 487245.02 | AA16: 6583114.7 | AB16: 4674567.5 | AC16: 0 | AD16: 0 | AE16: 4674567.5 | AF16: 0 | AG16: 7.3271263e+08 | AH16: 3.6601301e+08 | AI16: 0 | AJ16: 0 | AK16: 3.6669962e+08 | AL16: 0 | AM16: 0 | AN16: 15391382 | AO16: 11189420 | AP16: 4201962.4 | AQ16: 0 | AR16: 0 | AS16: 0 | AT16: 0 | AU16: 0 | AV16: 19156135 | AW16: 0 | AX16: 0 | AY16: 19156135 | AZ16: 1.8975038e+08 | BA16: 1.6460438e+08 | BB16: 25146001 | BC16: 0 | BD16: 0 | BE16: 0 | BF16: 0 | BG16: 0 | BH16: 4.4778765e+08 | BI16: 30605082 | BJ16: 0 | BK16: 36737170 | BL16: -6132088.5 | BM16: 0 | BN16: 0 | BO16: 0 | BP16: 0 | BQ16: 0 | BR16: 0 | BS16: 0 | BT16: 0 | BU16: 0 | BV16: 0 | BW16: 0 | BX16: 0 | BY16: 0 | BZ16: 0 | CA16: 0 | CB16: 0 | CC16: 0 | CD16: 0 | CE16: 0 | CF16: 0 | CG16: 0 | CH16: 0 | CI16: 0 | CJ16: 4.1247788e+08 | CK16: 1.16568e+08 | CL16: 0 | CM16: 0 | CN16: 0 | CO16: 0 | CP16: 2.9590987e+08 | CQ16: 0 | CR16: 0 | CS16: 0 | CT16: 0 | CU16: 4704689 | CV16: 4704689 | CW16: 0 | CX16: 0 | CY16: 0 | CZ16: 0 | DA16: 0 | DB16: 0 | DC16: 0 | DD16: 0 | DE16: 3.3021671e+08 | DF16: 25318359 | DG16: 25318359 | DH16: 0 | DI16: 0 | DJ16: 0 | DK16: 0 | DL16: 0 | DM16: 0 | DN16: 0 | DO16: 0 | DP16: 0 | DQ16: 0 | DR16: 15645562 | DS16: 15778510 | DT16: 0 | DU16: 0 | DV16: 0 | DW16: -132948.12 | DX16: 0 | DY16: 4.8056122e+08 | DZ16: 4.8056122e+08 | EA16: -30706197 | EB16: -30706197 | EC16: -1.6060223e+08 | ED16: -1.6060223e+08 | EE16: 0 | EF16: 0
A17: Corpus Sigorta AŞ | B17: 1012 | C17: HD | D17: 1.2611698e+10 | E17: 19540013 | F17: 0 | G17: 0 | H17: 0 | I17: 0 | J17: 0 | K17: 0 | L17: 0 | M17: 19540013 | N17: 7.5132919e+08 | O17: 7.5132919e+08 | P17: 0 | Q17: 0 | R17: 0 | S17: 0 | T17: 0 | U17: 0 | V17: 0 | W17: 0 | X17: 0 | Y17: 0 | Z17: 0 | AA17: 0 | AB17: 2.3599153e+08 | AC17: 47115319 | AD17: 56070177 | AE17: 1.3280603e+08 | AF17: 0 | AG17: 1.1395903e+10 | AH17: 4.0846325e+09 | AI17: 1.6266864e+08 | AJ17: 0 | AK17: 7.1486016e+09 | AL17: 0 | AM17: 0 | AN17: 71511380 | AO17: 1.4736288e+08 | AP17: 8104110.4 | AQ17: 0 | AR17: 0 | AS17: 1.9274628e+08 | AT17: -2.7670189e+08 | AU17: 0 | AV17: 13648856 | AW17: 0 | AX17: 0 | AY17: 13648856 | AZ17: 1.237745e+08 | BA17: 1.237745e+08 | BB17: 0 | BC17: 0 | BD17: 0 | BE17: 0 | BF17: 0 | BG17: 0 | BH17: 4.591054e+08 | BI17: 2359065.3 | BJ17: 0 | BK17: 0 | BL17: 0 | BM17: 0 | BN17: 0 | BO17: 0 | BP17: 2359065.3 | BQ17: 0 | BR17: 0 | BS17: 0 | BT17: 0 | BU17: 0 | BV17: 0 | BW17: 0 | BX17: 0 | BY17: 0 | BZ17: 0 | CA17: 0 | CB17: 0 | CC17: 0 | CD17: 0 | CE17: 0 | CF17: 0 | CG17: 0 | CH17: 0 | CI17: 0 | CJ17: 3.5638272e+08 | CK17: 0 | CL17: 0 | CM17: 0 | CN17: 0 | CO17: 0 | CP17: 3.5638272e+08 | CQ17: 0 | CR17: 0 | CS17: 0 | CT17: 0 | CU17: 5109761.3 | CV17: 5109761.3 | CW17: 0 | CX17: 0 | CY17: 0 | CZ17: 0 | DA17: 0 | DB17: 95253855 | DC17: 95253855 | DD17: 0 | DE17: 6.3788105e+09 | DF17: 1170000000 | DG17: 1170000000 | DH17: 0 | DI17: 0 | DJ17: 0 | DK17: 0 | DL17: 0 | DM17: 0 | DN17: 0 | DO17: 0 | DP17: 0 | DQ17: 0 | DR17: 4.2498406e+09 | DS17: 3.9888477e+08 | DT17: 0 | DU17: 2.8037401e+09 | DV17: 229591414 | DW17: 8.1762425e+08 | DX17: 0 | DY17: 0 | DZ17: 0 | EA17: 0 | EB17: 0 | EC17: 9.5896993e+08 | ED17: 9.5896993e+08 | EE17: 0 | EF17: 0
A18: VHV Allgemeine Sigorta AŞ | B18: 1013 | C18: HD | D18: 2.8092792e+09 | E18: 19615736 | F18: 0 | G18: 0 | H18: 0 | I18: 0 | J18: 0 | K18: 0 | L18: 0 | M18: 19615736 | N18: 1.5526373e+09 | O18: 1.5526373e+09 | P18: 0 | Q18: 0 | R18: 0 | S18: 0 | T18: 0 | U18: 0 | V18: 0 | W18: 0 | X18: 0 | Y18: 0 | Z18: 0 | AA18: 0 | AB18: 8843257.2 | AC18: 0 | AD18: 0 | AE18: 8843257.2 | AF18: 0 | AG18: 9.6622005e+08 | AH18: 4.543099e+08 | AI18: 11510409 | AJ18: 0 | AK18: 5.0039975e+08 | AL18: 0 | AM18: 0 | AN18: 32736263 | AO18: 26446721 | AP18: 6289542.1 | AQ18: 0 | AR18: 0 | AS18: 0 | AT18: 0 | AU18: 0 | AV18: 31739728 | AW18: 0 | AX18: 0 | AY18: 31739728 | AZ18: 1.974868e+08 | BA18: 1.9559791e+08 | BB18: 0 | BC18: 1888888.8 | BD18: 4.36 | BE18: 0 | BF18: 4.36 | BG18: 0 | BH18: 98788485 | BI18: 6013209 | BJ18: 0 | BK18: 0 | BL18: 0 | BM18: 0 | BN18: 0 | BO18: 0 | BP18: 6013209 | BQ18: 0 | BR18: 0 | BS18: 0 | BT18: 0 | BU18: 0 | BV18: 0 | BW18: 0 | BX18: 0 | BY18: 0 | BZ18: 0 | CA18: 0 | CB18: 0 | CC18: 0 | CD18: 0 | CE18: 4378890.3 | CF18: 4378890.3 | CG18: 0 | CH18: 0 | CI18: 0 | CJ18: 80493844 | CK18: 0 | CL18: 0 | CM18: 0 | CN18: 0 | CO18: 0 | CP18: 80493844 | CQ18: 0 | CR18: 0 | CS18: 0 | CT18: 0 | CU18: 7902542 | CV18: 7902542 | CW18: 0 | CX18: 0 | CY18: 0 | CZ18: 0 | DA18: 0 | DB18: 0 | DC18: 0 | DD18: 0 | DE18: 1.5764654e+08 | DF18: 163900000 | DG18: 163900000 | DH18: 0 | DI18: 0 | DJ18: 0 | DK18: 0 | DL18: 0 | DM18: 0 | DN18: 0 | DO18: 0 | DP18: 0 | DQ18: 0 | DR18: 4106589.7 | DS18: 6554570.7 | DT18: 0 | DU18: 0 | DV18: 0 | DW18: 0 | DX18: -2447981 | DY18: 1.3265703e+08 | DZ18: 1.3265703e+08 | EA18: -9252388.8 | EB18: -9252388.8 | EC18: -1.3376468e+08 | ED18: -1.3376468e+08 | EE18: 0 | EF18: 0
... A81: TOPLAM (HAYAT DIŞI ŞİRKETLER+HAYAT VE EMEKLİLİK ŞİRKETLERİ) | B81: 9003 | C81: T (HD+H+E) | D81: 1.6544712e+12 | E81: 2.3480174e+10 | F81: 4760868.2 | G81: 2.1830306e+09 | H81: -5.3136759e+08 | I81: 0 | J81: 0 | K81: 0 | L81: 0 | M81: 2.182375e+10 | N81: 5.3693255e+11 | O81: 9.3435552e+10 | P81: 3.833029e+09 | Q81: 4.0862668e+08 | R81: 4.2535334e+11 | S81: 1.4481576e+10 | T81: -5.7957799e+08 | U81: 9.7500907e+09 | V81: 8.3644544e+09 | W81: 0 | X81: 4855517 | Y81: 37681424 | Z81: 2.3037036e+08 | AA81: 1.112729e+09 | AB81: 2.6558512e+10 | AC81: 1.9020793e+09 | AD81: 7.614363e+09 | AE81: 1.7239982e+10 | AF81: -1.9791193e+08 | AG81: 9.8485778e+11 | AH81: 5.0018067e+11 | AI81: 1.817705e+10 | AJ81: 5.7002471e+10 | AK81: 4.0508025e+11 | AL81: 3.3136907e+09 | AM81: 1.1036498e+09 | AN81: 3.374427e+10 | AO81: 1.3006005e+10 | AP81: 1.7301112e+09 | AQ81: 0 | AR81: 3.2238656e+08 | AS81: 4.1646946e+10 | AT81: -2.2963906e+10 | AU81: 2727126.6 | AV81: 2.0322602e+10 | AW81: 1.6857804e+08 | AX81: 0 | AY81: 2.0154024e+10 | AZ81: 1.767303e+10 | BA81: 2.3665786e+10 | BB81: 4.3920768e+09 | BC81: -1.0384833e+10 | BD81: 1.1522068e+09 | BE81: 4.1895962e+08 | BF81: 4.36 | BG81: 7.3324721e+08 | BH81: 2.2151946e+12 | BI81: 3.03161e+09 | BJ81: 0 | BK81: 3.7232763e+09 | BL81: -8.9110142e+08 | BM81: 0 | BN81: 0 | BO81: 0 | BP81: 1.9943512e+08 | BQ81: 2.0018163e+12 | BR81: 1.4317749e+08 | BS81: 0 | BT81: 1.2123952e+08 | BU81: 2.0015519e+12 | BV81: 0 | BW81: 0 | BX81: 2833613 | BY81: 2833613 | BZ81: 0 | CA81: 0 | CB81: 0 | CC81: 0 | CD81: 0 | CE81: 6.6941774e+08 | CF81: 6.6941774e+08 | CG81: -0.11 | CH81: 0 | CI81: 0 | CJ81: 1.8091268e+11 | CK81: 1.1884236e+10 | CL81: 0 | CM81: 1.4915084e+11 | CN81: 2.3302318e+09 | CO81: 0 | CP81: 1.7547373e+10 | CQ81: 71142361 | CR81: 0 | CS81: 0 | CT81: 71142361 | CU81: 4.3167621e+09 | CV81: 3.5466956e+09 | CW81: 7.7006651e+08 | CX81: 2.1793395e+10 | CY81: 1.2529641e+08 | CZ81: 0 | DA81: 2.1668099e+10 | DB81: 2.5804685e+09 | DC81: 2.2853198e+09 | DD81: 2.9514872e+08 | DE81: 5.1190231e+11 | DF81: 8.031209e+10 | DG81: 8.0140367e+10 | DH81: -18348232 | DI81: 1.4497244e+08 | DJ81: 0 | DK81: 45098808 | DL81: 6.8828608e+09 | DM81: 1.7357919e+09 | DN81: 0 | DO81: 152751617 | DP81: 0 | DQ81: 4.9943173e+09 | DR81: 2.5537973e+11 | DS81: 1.4178883e+10 | DT81: 4.1020339e+09 | DU81: 1.7968033e+11 | DV81: 5.3480662e+09 | DW81: 4.7268098e+10 | DX81: 4.8023177e+09 | DY81: 6.9262447e+10 | DZ81: 6.9262447e+10 | EA81: -3.5031572e+09 | EB81: -3.5031572e+09 | EC81: 1.0356834e+11 | ED81: 1.0412741e+11 | EE81: -5.5906626e+08 | EF81: 0
A82: TOPLAM (HAYAT DIŞI ŞİRKETLER+HAYAT VE EMEKLİLİK ŞİRKETLERİ+REASÜRANS ŞİRKETLERİ) | C82: T (HD+H+E+R) | D82: 1.6544712e+12 | E82: 2.3480174e+10 | F82: 4760868.2 | G82: 2.1830306e+09 | H82: -5.3136759e+08 | I82: 0 | J82: 0 | K82: 0 | L82: 0 | M82: 2.182375e+10 | N82: 5.3693255e+11 | O82: 9.3435552e+10 | P82: 3.833029e+09 | Q82: 4.0862668e+08 | R82: 4.2535334e+11 | S82: 1.4481576e+10 | T82: -5.7957799e+08 | U82: 9.7500907e+09 | V82: 8.3644544e+09 | W82: 0 | X82: 4855517 | Y82: 37681424 | Z82: 2.3037036e+08 | AA82: 1.112729e+09 | AB82: 2.6558512e+10 | AC82: 1.9020793e+09 | AD82: 7.614363e+09 | AE82: 1.7239982e+10 | AF82: -1.9791193e+08 | AG82: 9.8485778e+11 | AH82: 5.0018067e+11 | AI82: 1.817705e+10 | AJ82: 5.7002471e+10 | AK82: 4.0508025e+11 | AL82: 3.3136907e+09 | AM82: 1.1036498e+09 | AN82: 3.374427e+10 | AO82: 1.3006005e+10 | AP82: 1.7301112e+09 | AQ82: 0 | AR82: 3.2238656e+08 | AS82: 4.1646946e+10 | AT82: -2.2963906e+10 | AU82: 2727126.6 | AV82: 2.0322602e+10 | AW82: 1.6857804e+08 | AX82: 0 | AY82: 2.0154024e+10 | AZ82: 1.767303e+10 | BA82: 2.3665786e+10 | BB82: 4.3920768e+09 | BC82: -1.0384833e+10 | BD82: 1.1522068e+09 | BE82: 4.1895962e+08 | BF82: 4.36 | BG82: 7.3324721e+08 | BH82: 2.2151946e+12 | BI82: 3.03161e+09 | BJ82: 0 | BK82: 3.7232763e+09 | BL82: -8.9110142e+08 | BM82: 0 | BN82: 0 | BO82: 0 | BP82: 1.9943512e+08 | BQ82: 2.0018163e+12 | BR82: 1.4317749e+08 | BS82: 0 | BT82: 1.2123952e+08 | BU82: 2.0015519e+12 | BV82: 0 | BW82: 0 | BX82: 2833613 | BY82: 2833613 | BZ82: 0 | CA82: 0 | CB82: 0 | CC82: 0 | CD82: 0 | CE82: 6.6941774e+08 | CF82: 6.6941774e+08 | CG82: -0.11 | CH82: 0 | CI82: 0 | CJ82: 1.8091268e+11 | CK82: 1.1884236e+10 | CL82: 0 | CM82: 1.4915084e+11 | CN82: 2.3302318e+09 | CO82: 0 | CP82: 1.7547373e+10 | CQ82: 71142361 | CR82: 0 | CS82: 0 | CT82: 71142361 | CU82: 4.3167621e+09 | CV82: 3.5466956e+09 | CW82: 7.7006651e+08 | CX82: 2.1793395e+10 | CY82: 1.2529641e+08 | CZ82: 0 | DA82: 2.1668099e+10 | DB82: 2.5804685e+09 | DC82: 2.2853198e+09 | DD82: 2.9514872e+08 | DE82: 5.1190231e+11 | DF82: 8.031209e+10 | DG82: 8.0140367e+10 | DH82: -18348232 | DI82: 1.4497244e+08 | DJ82: 0 | DK82: 45098808 | DL82: 6.8828608e+09 | DM82: 1.7357919e+09 | DN82: 0 | DO82: 152751617 | DP82: 0 | DQ82: 4.9943173e+09 | DR82: 2.5537973e+11 | DS82: 1.4178883e+10 | DT82: 4.1020339e+09 | DU82: 1.7968033e+11 | DV82: 5.3480662e+09 | DW82: 4.7268098e+10 | DX82: 4.8023177e+09 | DY82: 6.9262447e+10 | DZ82: 6.9262447e+10 | EA82: -3.5031572e+09 | EB82: -3.5031572e+09 | EC82: 1.0356834e+11 | ED82: 1.0412741e+11 | EE82: -5.5906626e+08 | EF82: 0

Sheet Pasif Ozet
A1: BİLANÇO
A2: Pasif Ozet
A3: 01.01.2026-30.06.2026
D5: 3 | E5: 30 | F5: 32 | G5: 33 | H5: 34 | I5: 35 | J5: 36 | K5: 37 | L5: 38 | M5: 39 | N5: 4 | O5: 40 | P5: 42 | Q5: 43 | R5: 44 | S5: 45 | T5: 46 | U5: 47 | V5: 48 | W5: 49 | X5: 5 | Y5: 50 | Z5: 52 | AA5: 54 | AB5: 57 | AC5: 58 | AD5: 59
A6: Şirket Adı | B6: Şirket Kodu | C6: Şirket Tipi | D6: Kısa Vadeli Yükümlülükler | E6: Finansal Borçlar | F6: Esas Faaliyetlerden Borçlar | G6: İlişkili Taraflardan Borçlar | H6: Diğer Borçlar | I6: Sigortacılık Teknik Karşılıkları | J6: Ödenecek Vergi ve Benzeri Diğer Yükümlülükler İle Karşılıklar | K6: Diğer Risklere İlişkin Karşılıklar | L6: Gelecek Aylara Ait Gelirler ve Gider Tahakkukları | M6: Diğer Kısa Vadeli Yükümlülükler | N6: Uzun Vadeli Yükümlülükler | O6: Finansal Borçlar | P6: Esas Faaliyetlerden Borçlar | Q6: İlişkili Taraflara Borçlar | R6: Diğer Borçlar | S6: Sigortacılık Teknik Karşılıkları | T6: Diğer Yükümlülükler ve Karşılıklar | U6: Diğer Risklere İlişkin Karşılıklar | V6: Gelecek Yıllara Ait Gelirler ve Gider Tahakkukları | W6: Diğer Uzun Vadeli Yükümlülükler | X6: Özsermaye | Y6: Ödenmiş Sermaye | Z6: Sermaye Yedekleri | AA6: Kar Yedekleri | AB6: Geçmiş Yıllar Karları | AC6: Geçmiş Yıllar Zararları(-); | AD6: Dönem Net Karı
A7: Chubb European Group SE Merkezi Fransa Türkiye İstanbul Şubesi | B7: 1001 | C7: HD | D7: 2.8610505e+09 | E7: 9296401.9 | F7: 7.9750715e+08 | G7: 37905120 | H7: 43451979 | I7: 1.7367052e+09 | J7: 1.0895581e+08 | K7: 0 | L7: 1.2722889e+08 | M7: 0 | N7: 35258683 | O7: 10896336 | P7: 0 | Q7: 0 | R7: 0 | S7: 15058393 | T7: 0 | U7: 9303954.7 | V7: 0 | W7: 0 | X7: 1.6357137e+09 | Y7: 1.3934756e+08 | Z7: 0 | AA7: 1.8428886e+08 | AB7: 1.3050232e+09 | AC7: 0 | AD7: 7054110.2
A8: Aksigorta AŞ | B8: 1003 | C8: HD | D8: 3.0882257e+10 | E8: 46285840 | F8: 5.7696323e+09 | G8: 2.0635402e+08 | H8: 9.2868671e+08 | I8: 2.1077222e+10 | J8: 2.7356887e+08 | K8: 5.3284114e+08 | L8: 2047665856 | M8: 0 | N8: 6.4475428e+08 | O8: 1.8577402e+08 | P8: 0 | Q8: 0 | R8: 0 | S8: 4.0671311e+08 | T8: 0 | U8: 52267149 | V8: 0 | W8: 0 | X8: 8.5868273e+09 | Y8: 1612000000 | Z8: 3463617.3 | AA8: 4.5186436e+09 | AB8: 1.4342289e+09 | AC8: 0 | AD8: 1.0184912e+09
A9: Allianz Sigorta AŞ | B9: 1004 | C9: HD | D9: 1.3153185e+11 | E9: 82277733 | F9: 4.7811399e+09 | G9: 1.0558106e+08 | H9: 9.3753484e+08 | I9: 1.1784357e+11 | J9: 4.8152763e+09 | K9: 1.6189304e+09 | L9: 1.3475361e+09 | M9: 0 | N9: 1.3279097e+09 | O9: 42263630 | P9: 0 | Q9: 0 | R9: 3.6960022e+08 | S9: 6.5143796e+08 | T9: 0 | U9: 2.6460792e+08 | V9: 0 | W9: 0 | X9: 6.3650934e+10 | Y9: 6.4764292e+08 | Z9: 8.350137e+08 | AA9: 5.0811095e+10 | AB9: 2.204964e+08 | AC9: 0 | AD9: 1.1136686e+10
A10: Anadolu Anonim Türk Sigorta Şirketi | B10: 1005 | C10: HD | D10: 1.02221e+11 | E10: 81489649 | F10: 1.4703001e+10 | G10: 2747374.8 | H10: 1.3296493e+09 | I10: 8.2395051e+10 | J10: 1.2022445e+09 | K10: 0 | L10: 2.376666e+09 | M10: 1.3015441e+08 | N10: 2.9994956e+09 | O10: 1.354148e+08 | P10: 0 | Q10: 0 | R10: 0 | S10: 2.4167746e+09 | T10: 0 | U10: 4.4730621e+08 | V10: 0 | W10: 0 | X10: 4.6113562e+10 | Y10: 2000000000 | Z10: 2.3947953e+08 | AA10: 3.6083022e+10 | AB10: 4.2035597e+08 | AC10: 0 | AD10: 7.370705e+09
A11: Ankara Anonim Türk Sigorta Şirketi | B11: 1006 | C11: HD | D11: 2.1771226e+10 | E11: 394739.74 | F11: 2.3359282e+08 | G11: 11676799 | H11: 8.817426e+08 | I11: 1.9597011e+10 | J11: 8.4015695e+08 | K11: 39640739 | L11: 1.6700999e+08 | M11: 0 | N11: 2.4778596e+08 | O11: 854245.28 | P11: 0 | Q11: 0 | R11: 0 | S11: 29320620 | T11: 0 | U11: 12684073 | V11: 0 | W11: 2.0492702e+08 | X11: 7.7730335e+09 | Y11: 350000000 | Z11: 4.7849575e+08 | AA11: 2.0616042e+08 | AB11: 5.4165916e+09 | AC11: 0 | AD11: 1.3217857e+09
A12: Atradius Crédito y Caución S.A. de Seguros y Reaseguros, İstanbul Şubesi | B12: 1007 | C12: HD | D12: 1.0595813e+09 | E12: 5974674.2 | F12: 1.0871405e+08 | G12: 2.1332246e+08 | H12: 0 | I12: 6.1522385e+08 | J12: 18580161 | K12: 4824249.2 | L12: 81980082 | M12: 10961748 | N12: 3.8412624e+08 | O12: 24477157 | P12: 91266903 | Q12: 2833613 | R12: 0 | S12: 2.4040575e+08 | T12: 0 | U12: 8710899.5 | V12: 17223971 | W12: -792049.75 | X12: 2.4903783e+08 | Y12: 29255115 | Z12: -1.8626451e-08 | AA12: 4002906.9 | AB12: 1.7659019e+08 | AC12: -45230426 | AD12: 84420048
A13: Unico Sigorta AŞ | B13: 1008 | C13: HD | D13: 2.4631316e+10 | E13: 52785058 | F13: 6.6333404e+08 | G13: 111083.36 | H13: 4.2319919e+08 | I13: 2.2016438e+10 | J13: 2.9365137e+08 | K13: 9.9102374e+08 | L13: 1.9077199e+08 | M13: 1394.31 | N13: 2.1872989e+09 | O13: 1.1839622e+08 | P13: 0 | Q13: 0 | R13: 0 | S13: 2.0481409e+09 | T13: 0 | U13: 20761774 | V13: 0 | W13: 0 | X13: 6.0234246e+09 | Y13: 270500000 | Z13: 72328018 | AA13: 7.6628596e+08 | AB13: 3.8027187e+09 | AC13: 0 | AD13: 1.1115919e+09
A14: Axa Sigorta AŞ | B14: 1009 | C14: HD | D14: 9.9646584e+10 | E14: 54391486 | F14: 5.0943578e+09 | G14: 5225682.6 | H14: 4.3375712e+09 | I14: 8.5386636e+10 | J14: 2.3344694e+09 | K14: 8.2819716e+08 | L14: 1.5207658e+09 | M14: 84969801 | N14: 3.6987662e+09 | O14: 1.266603e+08 | P14: 0 | Q14: 0 | R14: 0 | S14: 3.4975474e+09 | T14: 0 | U14: 74558562 | V14: 0 | W14: 0.09 | X14: 3.0862178e+10 | Y14: 5.6563806e+09 | Z14: 3.1506796e+08 | AA14: 1.9057164e+10 | AB14: -0.39 | AC14: 0 | AD14: 5.8335652e+09
A15: BNP Paribas Cardif Sigorta AŞ | B15: 1010 | C15: HD | D15: 1.5376437e+09 | E15: 5131071.6 | F15: 13700162 | G15: 12371892 | H15: 14135171 | I15: 1.1820423e+09 | J15: 1.1880883e+08 | K15: 1.9035904e+08 | L15: 0 | M15: 1095223.8 | N15: 8.0209783e+09 | O15: 813832.41 | P15: 0 | Q15: 0 | R15: 0 | S15: 8.0169242e+09 | T15: 0 | U15: 3240270.5 | V15: 0 | W15: 0 | X15: 3.840368e+09 | Y15: 47936859 | Z15: 99586341 | AA15: 6317843.2 | AB15: 2.8564269e+09 | AC15: -283118.17 | AD15: 8.3038317e+08
A16: Coface Sigorta AŞ | B16: 1011 | C16: HD | D16: 1.3393466e+09 | E16: 15811851 | F16: 3.5477931e+08 | G16: 7070359.8 | H16: 4674567.5 | I16: 7.3271263e+08 | J16: 15391382 | K16: 19156135 | L16: 1.8975038e+08 | M16: 0 | N16: 4.4778765e+08 | O16: 30605082 | P16: 0 | Q16: 0 | R16: 0 | S16: 4.1247788e+08 | T16: 0 | U16: 4704689 | V16: 0 | W16: 0 | X16: 3.3021671e+08 | Y16: 25318359 | Z16: 0 | AA16: 15645562 | AB16: 4.8056122e+08 | AC16: -30706197 | AD16: -1.6060223e+08
A17: Corpus Sigorta AŞ | B17: 1012 | C17: HD | D17: 1.2611698e+10 | E17: 19540013 | F17: 7.5132919e+08 | G17: 0 | H17: 2.3599153e+08 | I17: 1.1395903e+10 | J17: 71511380 | K17: 13648856 | L17: 1.237745e+08 | M17: 0 | N17: 4.591054e+08 | O17: 2359065.3 | P17: 0 | Q17: 0 | R17: 0 | S17: 3.5638272e+08 | T17: 0 | U17: 5109761.3 | V17: 0 | W17: 95253855 | X17: 6.3788105e+09 | Y17: 1170000000 | Z17: 0 | AA17: 4.2498406e+09 | AB17: 0 | AC17: 0 | AD17: 9.5896993e+08
A18: VHV Allgemeine Sigorta AŞ | B18: 1013 | C18: HD | D18: 2.8092792e+09 | E18: 19615736 | F18: 1.5526373e+09 | G18: 0 | H18: 8843257.2 | I18: 9.6622005e+08 | J18: 32736263 | K18: 31739728 | L18: 1.974868e+08 | M18: 4.36 | N18: 98788485 | O18: 6013209 | P18: 0 | Q18: 0 | R18: 4378890.3 | S18: 80493844 | T18: 0 | U18: 7902542 | V18: 0 | W18: 0 | X18: 1.5764654e+08 | Y18: 163900000 | Z18: 0 | AA18: 4106589.7 | AB18: 1.3265703e+08 | AC18: -9252388.8 | AD18: -1.3376468e+08
... A81: TOPLAM (HAYAT DIŞI ŞİRKETLER+HAYAT VE EMEKLİLİK ŞİRKETLERİ) | B81: 9003 | C81: T (HD+H+E) | D81: 1.6544712e+12 | E81: 2.3480174e+10 | F81: 5.3693255e+11 | G81: 9.7500907e+09 | H81: 2.6558512e+10 | I81: 9.8485778e+11 | J81: 3.374427e+10 | K81: 2.0322602e+10 | L81: 1.767303e+10 | M81: 1.1522068e+09 | N81: 2.2151946e+12 | O81: 3.03161e+09 | P81: 2.0018163e+12 | Q81: 2833613 | R81: 6.6941774e+08 | S81: 1.8091268e+11 | T81: 71142361 | U81: 4.3167621e+09 | V81: 2.1793395e+10 | W81: 2.5804685e+09 | X81: 5.1190231e+11 | Y81: 8.031209e+10 | Z81: 6.8828608e+09 | AA81: 2.5537973e+11 | AB81: 6.9262447e+10 | AC81: -3.5031572e+09 | AD81: 1.0356834e+11
A82: TOPLAM (HAYAT DIŞI ŞİRKETLER+HAYAT VE EMEKLİLİK ŞİRKETLERİ+REASÜRANS ŞİRKETLERİ) | C82: T (HD+H+E+R) | D82: 1.6544712e+12 | E82: 2.3480174e+10 | F82: 5.3693255e+11 | G82: 9.7500907e+09 | H82: 2.6558512e+10 | I82: 9.8485778e+11 | J82: 3.374427e+10 | K82: 2.0322602e+10 | L82: 1.767303e+10 | M82: 1.1522068e+09 | N82: 2.2151946e+12 | O82: 3.03161e+09 | P82: 2.0018163e+12 | Q82: 2833613 | R82: 6.6941774e+08 | S82: 1.8091268e+11 | T82: 71142361 | U82: 4.3167621e+09 | V82: 2.1793395e+10 | W82: 2.5804685e+09 | X82: 5.1190231e+11 | Y82: 8.031209e+10 | Z82: 6.8828608e+09 | AA82: 2.5537973e+11 | AB82: 6.9262447e+10 | AC82: -3.5031572e+09 | AD82: 1.0356834e+11
